STATION,NAME,STATE
US1NMOT0001,"CLOUDCROFT 1.8 SW, NM US",NM
US1NYSF0034,"BAY SHORE 0.5 ESE, NY US",NY
US1SCCR0282,"MOUNT PLEASANT 1.6 SSE, SC US",SC
US1NYSF0039,"SAYVILLE 0.0 N, NY US",NY
US1SCCR0280,"NORTH CHARLESTON 3.7 ESE, SC US",SC
US1SCCR0281,"CHARLESTON 3.5 SSE, SC US",SC
US1NMOT0008,"ALAMOGORDO 5.1 NW, NM US",NM
USS0053L01S,"TELAQUANA LAKE, AK US",AK
USC00116610,"PARIS STP, IL US",IL
US1FLPN0134,"CLEARWATER 1.0 SW, FL US",FL
US1ILTZ0010,"TREMONT 3.6 E, IL US",IL
US1SCCR0286,"CHARLESTON 5.6 NW, SC US",SC
US1SCCR0284,"KIAWAH ISLAND 3.9 W, SC US",SC
US1FLPN0130,"ST. PETERSBURG 6.4 W, FL US",FL
USC00297461,"RIO GRANDE NATURE CENTER, NM US",NM
USC00116616,"PARK FOREST WATER, IL US",IL
US1FLPN0131,"SEMINOLE 0.9 S, FL US",FL
US1NYSF0044,"SHIRLEY 2.9 N, NY US",NY
USC00088051,"SCOTTSMOOR 2.5 SSW, FL US",FL
US1NYER0236,"BUFFALO 3.9 N, NY US",NY
USC00113580,"OLMSTED LOCK AND DAM, IL US",IL
US1NYON0027,"CANANDAIGUA 2.6 S, NY US",NY
USC00306047,"NORTH TONAWANDA, NY US",NY
US1FLPN0122,"ST. PETERSBURG 3.5 NNW, FL US",FL
USC00297477,"RIO RANCHO NUMBER 1, NM US",NM
US1ILTZ0023,"WASHINGTON 1.7 NE, IL US",IL
US1FLPN0126,"DUNEDIN 2.4 ESE, FL US",FL
US1FLPN0129,"ST. PETERSBURG 5.5 N, FL US",FL
US1NYER0234,"EAST AMHERST 1.3 WSW, NY US",NY
USC00502107,"COLLEGE OBSERVATORY, AK US",AK
USR0000ANIN,"NINILCHIK ALASKA, AK US",AK
US1NMOT0027,"CLOUDCROFT 4.0 E, NM US",NM
US1NYER0203,"SNYDER 0.6 SW, NY US",NY
USC00114890,"LANSING 2 S, IL US",IL
USC00297481,"RIO RANCHO NUMBER 2, NM US",NM
USC00300707,"BLACK RIVER, NY US",NY
US1NYER0219,"WEST SENECA 2.8 ENE, NY US",NY
US1ILWL0103,"JOLIET 1.8 NNE, IL US",IL
US1ILWL0100,"JOLIET 2.9 WNW, IL US",IL
US1ILTZ0001,"MORTON 1.0 S, IL US",IL
USC00112223,"DE KALB, IL US",IL
US1NYER0211,"AKRON 3.6 W, NY US",NY
US1NYSF0062,"COPIAGUE 0.4 ENE, NY US",NY
US1NYSF0077,"NESCONSET 1.4 SSW, NY US",NY
US1NMOT0046,"ALAMOGORDO 8.8 N, NM US",NM
US1NYSF0079,"SMITHTOWN 2.0 SSW, NY US",NY
US1ILWL0131,"HOMER GLEN 0.7 NNE, IL US",IL
US1ILMCL080,"CARLOCK 2.1 NNE, IL US",IL
US1ILCK0192,"PARK RIDGE 0.7 WNW, IL US",IL
US1ILWL0136,"CRETE 3.3 ENE FRANKTUARY FARM, IL US",IL
US1NMOT0042,"ALAMOGORDO 2.4 NE, NM US",NM
US1NMOT0044,"LA LUZ 5.8 ENE, NM US",NM
USC00084500,"KENANSVILLE, FL US",FL
US1ILWL0137,"NAPERVILLE 2.8 SSW, IL US",IL
US1ILWL0138,"CRETE 2.7 W, IL US",IL
USC00294398,"JOHNSON RANCH, NM US",NM
US1NYSF0073,"BRIGHTWATERS 0.7 NNW, NY US",NY
US1NYSF0074,"ISLIP TERRACE 0.5 W, NY US",NY
USR0000FLSU,"LOWER SUWANNEE FLORIDA, FL US",FL
US1NYSF0089,"AMITYVILLE 0.1 WSW, NY US",NY
US1NMOT0037,"CLOUDCROFT 0.4 ESE, NM US",NM
USS0006N14S,"HOPEWELL, NM US",NM
US1ILMCL072,"BLOOMINGTON 3.7 NE, IL US",IL
US1ILWL0122,"SHOREWOOD 0.3 N, IL US",IL
US1ILMCL076,"BLOOMINGTON 2.0 WSW, IL US",IL
USC00115314,"MANHATTAN 5 ENE, IL US",IL
USC00307329,"RUSHFORD, NY US",NY
US1NYSF0080,"REMSENBURG SPEONK 0.9 NE, NY US",NY
US1NYSF0084,"CENTEREACH 1.3 NE, NY US",NY
US1NYSF0085,"PATCHOGUE 0.9 SE, NY US",NY
US1FLCT0046,"INVERNESS 4.5 WNW, FL US",FL
US1FLCT0045,"INVERNESS 1.6 SE, FL US",FL
US1FLCT0041,"HOMOSASSA 5.3 NNE, FL US",FL
US1ILCK0173,"PALOS PARK 3.6 WNW, IL US",IL
US1ILWL0154,"NAPERVILLE 2.9 SSE, IL US",IL
US1ILWL0151,"NEW LENOX 1.5 W, IL US",IL
US1NYON0017,"CANANDAIGUA 4.6 S, NY US",NY
USC00308631,"TUPPER LAKE SUNMOUNT, NY US",NY
USC00305597,"MOUNT MORRIS 2 W, NY US",NY
US1ILWL0159,"NEW LENOX 2.1 S, IL US",IL
US1FLPN0116,"TARPON SPRINGS 3.1 E, FL US",FL
US1FLOK0052,"BAKER 1.8 SSE, FL US",FL
US1NYSF0092,"AMITYVILLE 0.6 NNE, NY US",NY
US1FLOK0056,"CRESTVIEW 3.0 SSE, FL US",FL
USW00063890,"JACKSONVILLE WHITEHOUSE NAVAL OUTLYING FIELD, FL US",FL
US1NMOT0051,"TULAROSA 1.0 E, NM US",NM
USC00117952,"SIDELL 4 N, IL US",IL
US1ILWL0149,"BULT FIELD MONEE 4.9 SE, IL US",IL
US1FLPN0105,"FEATHER SOUND 1.3 S, FL US",FL
US1FLPN0104,"LARGO 1.5 SSW, FL US",FL
USW00054937,"JAMESTOWN 38 WSW, ND US",ND
US1FLLN0060,"TALLAHASSEE 6.2 E, FL US",FL
USW00025507,"HOMER AIRPORT, AK US",AK
USW00025506,"ILIAMNA AIRPORT, AK US",AK
USS0051K15S,"PORT GRAHAM, AK US",AK
US1NMOT0088,"ALAMOGORDO 2.4 NNE, NM US",NM
US1ILCR0012,"MOUNT CARROLL 6.8 NNW, IL US",IL
US1ILMCL045,"LE ROY 1.8 WSW, IL US",IL
US1ILMCL048,"BLOOMINGTON 1.5 ESE, IL US",IL
US1ILWD0018,"PROPHETSTOWN 0.2 SW, IL US",IL
USC00114833,"LAKE SPRINGFIELD, IL US",IL
US1FLCT0029,"HOMOSASSA 6.0 SE, FL US",FL
US1FLOK0033,"DESTIN 1.3 NW, FL US",FL
US1FLCT0038,"HERNANDO 3.9 WSW, FL US",FL
US1FLLN0072,"TALLAHASSEE 5.0 SE, FL US",FL
US1FLCT0035,"INVERNESS 4.7 WNW, FL US",FL
US1FLCT0030,"HERNANDO 4.4 WSW, FL US",FL
USC00386114,"MULLINS, SC US",SC
US1FLLN0078,"TALLAHASSEE 5.6 SE, FL US",FL
US1FLLN0079,"TALLAHASSEE 0.6 ENE, FL US",FL
US1NMOT0075,"MAYHILL 4.0 SSE, NM US",NM
US1ILMCL030,"SAYBROOK 4.3 SSE, IL US",IL
US1FLLN0074,"TALLAHASSEE 5.6 ESE, FL US",FL
US1FLOK0049,"WRIGHT 0.7 NNW, FL US",FL
USC00294366,"JEMEZ DAM, NM US",NM
USC00083207,"FORT PIERCE, FL US",FL
US1ILCR0022,"LANARK 4.2 NNW, IL US",IL
US1ILMCL038,"NORMAL 3.6 NE, IL US",IL
USC00294369,"JEMEZ SPRINGS, NM US",NM
USW00025503,"KING SALMON AIRPORT, AK US",AK
US1FLOK0041,"SHALIMAR 1.2 NNW, FL US",FL
US1ILWD0008,"COLETA 1.4 SSW, IL US",IL
US1FLOK0042,"VALPARAISO 1.4 N, FL US",FL
USW00025501,"KODIAK AIRPORT, AK US",AK
US1ILWD0005,"MORRISON 3.2 E, IL US",IL
USC00114823,"LA HARPE, IL US",IL
US1FLOK0043,"FORT WALTON BEACH 1.7 ESE, FL US",FL
US1NYNS0074,"MALVERNE 0.5 SE, NY US",NY
USC00506581,"NORTH POLE, AK US",AK
USS0006N15S,"SAN ANTONIO SINK, NM US",NM
US1FLLN0047,"TALLAHASSEE 5.2 E, FL US",FL
US1ILMCL060,"BLOOMINGTON 1.6 WSW, IL US",IL
USC00300785,"BOONVILLE 4 SSW, NY US",NY
US1ILMCL063,"NORMAL 1.7 SE, IL US",IL
US1ILMCL064,"NORMAL 1.2 ESE, IL US",IL
USC00085895,"MOORE HAVEN LOCK 1, FL US",FL
US1ILSL0007,"HARRISBURG 3.5 NNE, IL US",IL
US1NYNS0080,"SEAFORD 0.4 SE, NY US",NY
US1ILSL0005,"THOMPSONVILLE 3.5 ESE, IL US",IL
US1ILSL0004,"ELDORADO 2.9 ESE, IL US",IL
US1FLCT0008,"CRYSTAL RIVER 4.7 ESE, FL US",FL
US1ILSL0001,"HARRISBURG 4.6 NNE, IL US",IL
USW00014880,"CHICAGO WAUKEGAN REGIONAL AIRPORT, IL US",IL
US1FLLN0051,"TALLAHASSEE 5.1 NE, FL US",FL
USS0006N16S,"VACAS LOCAS, NM US",NM
US1FLCT0011,"HERNANDO 1.6 N, FL US",FL
USW00025516,"SELDOVIA AIRPORT, AK US",AK
USC00320382,"ASHLEY, ND US",ND
USC00085880,"MONTICELLO 10 SW, FL US",FL
US1FLLN0055,"TALLAHASSEE 5.5 ENE, FL US",FL
US1NMOT0097,"HOPE 25.9 SSW, NM US",NM
US1NMOT0098,"ALAMOGORDO 3.7 NNE, NM US",NM
US1ILWD0022,"ROCK FALLS 3.1 S, IL US",IL
US1ILMCL056,"BLOOMINGTON 3.9 ESE, IL US",IL
USC00110442,"BARRINGTON 3 SW, IL US",IL
US1FLOK0029,"MARY ESTHER 0.6 E, FL US",FL
US1FLOK0020,"NICEVILLE 3.4 ESE, FL US",FL
USC00114805,"LACON, IL US",IL
USS0048L06S,"ESTHER ISLAND, AK US",AK
USW00025522,"KING SALMON 42 SE, AK US",AK
US1NMCR0035,"CLOVIS 4.4 S, NM US",NM
US1FLLN0025,"TALLAHASSEE 3.5 N, FL US",FL
USC00088942,"TITUSVILLE, FL US",FL
US1ILMCL002,"ARROWSMITH 1.7 NNE, IL US",IL
USC00291286,"CABALLO DAM, NM US",NM
US1FLLN0018,"MIDWAY 6.9 SW, FL US",FL
US1ILMCL004,"HEYWORTH 0.6 E, IL US",IL
US1ILMCL007,"LE ROY 4.1 SSW, IL US",IL
US1NMCR0024,"CLOVIS 1.7 NE, NM US",NM
US1NYSF0002,"RIVERHEAD 1.3 SSE, NY US",NY
US1NMCR0021,"CLOVIS 2.3 NNE, NM US",NM
US1NYSF0007,"JAMESPORT 0.6 SSW, NY US",NY
USC00306085,"NORWICH, NY US",NY
USC00084571,"KEY WEST WEATHER FORECAST OFFICE, FL US",FL
US1FLLN0034,"TALLAHASSEE 9.6 N, FL US",FL
USC00324722,"KILLDEER, ND US",ND
US1NDGG0003,"COOPERSTOWN 0.4 WNW, ND US",ND
USW00063826,"BLACKVILLE 3 W, SC US",SC
US1FLOK0001,"NICEVILLE 3.6 SE, FL US",FL
US1FLOK0002,"EGLIN AFB 5.6 NE, FL US",FL
USC00388786,"UNION 8 S, SC US",SC
USR0000SANP,"ANDREW PICKENS SOUTH CAROLINA, SC US",SC
US1NYSF0016,"NORTHPORT 1.6 NNE, NY US",NY
USC00307383,"ST. JAMES, NY US",NY
US1ILTZ0031,"MANITO 6.4 N, IL US",IL
US1ILTZ0034,"EUREKA 3.5 W, IL US",IL
US1ILTZ0036,"WASHINGTON 2.0 NNW, IL US",IL
USC00509641,"UNIVERSITY EXPERIMENTAL STATION, AK US",AK
US1NMCR0047,"CLOVIS 3.3 SW, NM US",NM
USC00306062,"NORTHVILLE, NY US",NY
US1ILTZ0039,"PEKIN 1.3 SSW, IL US",IL
US1FLLN0010,"TALLAHASSEE 1.3 SW, FL US",FL
US1FLLN0011,"TALLAHASSEE 8.0 N, FL US",FL
USS0051K14S,"MCNEIL CANYON, AK US",AK
US1ILTZ0041,"MORTON 1.0 ESE, IL US",IL
US1ILTZ0040,"MORTON 5.1 E, IL US",IL
US1ILTZ0044,"WASHINGTON 2.1 NW, IL US",IL
US1ILMCL017,"BLOOMINGTON 2.7 NE, IL US",IL
US1NMLA0025,"WHITE ROCK 1.4 NE, NM US",NM
USW00093718,"NORTH MYRTLE BEACH, SC US",SC
US1NMLA0023,"LOS ALAMOS 6.9 SSE, NM US",NM
USS0045Q02S,"MONUMENT CREEK, AK US",AK
US1NMLA0021,"LOS ALAMOS 6.6 SE, NM US",NM
US1NMLA0020,"LOS ALAMOS 1.4 E, NM US",NM
USR0000AEIE,"EIELSON VISITOR CENTER ALASKA, AK US",AK
USC00384449,"JAMESTOWN, SC US",SC
US1NDLM0004,"LA MOURE 4.6 ESE, ND US",ND
USC00325230,"LITCHVILLE 2 NW, ND US",ND
US1NDLM0003,"EDGELEY 5.2 NW, ND US",ND
USC00380072,"AIKEN 2 E, SC US",SC
US1NMGR0131,"SILVER CITY 2.1 NW, NM US",NM
USC00322188,"DICKINSON EXPERIMENTAL STATION, ND US",ND
USC00301265,"CAYUGA LOCK NUMBER 1, NY US",NY
USC00086315,"NORTH MIAMI BEACH NUMBER 2, FL US",FL
US1NMGR0130,"SILVER CITY 1.4 SSW, NM US",NM
USC00301264,"CATTARAUGUS 3 W, NY US",NY
USC00086319,"NORTH PORT, FL US",FL
USC00291252,"BUCKHORN, NM US",NM
USC00325220,"LISBON, ND US",ND
US1NMGR0124,"SILVER CITY 1.6 NNE, NM US",NM
USC00322193,"DICKINSON RANCH HQ, ND US",ND
USC00110500,"BEECHER CITY, IL US",IL
USC00111836,"CONGERVILLE 2 NW, IL US",IL
US1NMGR0120,"SILVER CITY 0.5 WNW, NM US",NM
US1NMGR0119,"SILVER CITY 2.2 W, NM US",NM
US1NMGR0114,"SILVER CITY 0.9 WSW, NM US",NM
US1NMGR0116,"SILVER CITY 4.3 N, NM US",NM
US1NMGR0115,"SILVER CITY 3.0 E, NM US",NM
US1NMCR0020,"TEXICO 13.6 N, NM US",NM
US1NYOR0024,"CHESTER 4.1 SSE, NY US",NY
US1NYOR0023,"WARWICK 3.9 W, NY US",NY
US1NYOR0021,"PORT JERVIS 2.9 ESE, NY US",NY
US1NMGR0112,"HANOVER 4.1 E, NM US",NM
USS0045Q05S,"EAGLE SUMMIT, AK US",AK
US1NDGV0001,"BEACH 0.3 SSE, ND US",ND
USW00014919,"JAMESTOWN MUNICIPAL AIRPORT, ND US",ND
USC00114089,"HIGHLAND, IL US",IL
USW00014916,"GRAND FORKS INTERNATIONAL AIRPORT, ND US",ND
USW00014914,"FARGO HECTOR INTERNATIONAL AIRPORT, ND US",ND
US1SCBK0094,"SUMMERVILLE 5.8 NE, SC US",SC
US1SCBK0097,"CHARLESTON 10.0 NE, SC US",SC
USC00305606,"MOUNT SINAI, NY US",NY
US1NYOR0030,"NEW WINDSOR 3.3 W, NY US",NY
US1FLSR0004,"PACE 2.4 N, FL US",FL
USC00301211,"CARMEL 4 N, NY US",NY
US1NYOR0019,"GREENWOOD LAKE 3.0 SW, NY US",NY
US1FLPB0007,"SUN VALLEY 0.8 SW, FL US",FL
US1SCBK0082,"MONCKS CORNER 5.1 SSW, SC US",SC
USW00014924,"PEMBINA, ND US",ND
USW00014923,"MOLINE QUAD CITY INTERNATIONAL AIRPORT, IL US",IL
US1SCBK0081,"MONCKS CORNER 1.2 NW, SC US",SC
US1SCBK0086,"BRIDGES AT SEVEN LAKES, SC US",SC
US1SCBK0088,"MONCKS CORNER 0.9 WSW, SC US",SC
US1NYOR0004,"WARWICK 3.2 WNW, NY US",NY
USR0000AMTN,"MOUNT NOAK ALASKA, AK US",AK
US1NYOR0002,"CORNWALL ON HUDSON 0.6 NNW, NY US",NY
USC00117187,"REND LAKE DAM, IL US",IL
US1FLPB0012,"ABERDEEN 4.2 NNW, FL US",FL
USC00322148,"DEVILS LAKE MUNICIPAL AIRPORT, ND US",ND
US1FLPB0013,"LAKE WORTH 1.0 NNW, FL US",FL
US1FLSR0026,"MILTON 2.9 NW, FL US",FL
US1SCBK0079,"CHARLESTON 9.1 NE, SC US",SC
US1SCBK0077,"SUMMERVILLE 5.0 NNE, SC US",SC
USC00384460,"JEFFERSON 0.1NW, SC US",SC
USC00303851,"HIGHMARKET 2 W, NY US",NY
US1FLPB0029,"INDIANTOWN 8.6 SW, FL US",FL
USC00500433,"ATKA, AK US",AK
US1FLSR0030,"NAVARRE 4.1 ENE, FL US",FL
US1SCBK0061,"CHARLESTON 6.6 NE, SC US",SC
US1SCBK0065,"GOOSE CREEK 3.5 NW, SC US",SC
US1FLSR0035,"PACE 3.0 NNW, FL US",FL
US1FLSR0036,"JAY 4.0 WSW, FL US",FL
US1SCBK0063,"SUMMERVILLE 7.1 N, SC US",SC
US1FLSR0038,"NAVARRE 3.0 ENE, FL US",FL
US1SCBK0067,"DANIEL ISLAND 1.4 S, SC US",SC
US1NYHR0024,"SCHUYLER 3.3 NE, NY US",NY
US1FLPB0031,"ROYAL PALM BEACH 5.0 W, FL US",FL
US1FLPB0034,"PAHOKEE 1.6 NE, FL US",FL
USC00118491,"TAYLORVILLE 2 SE, IL US",IL
USC00089401,"WAUCHULA, FL US",FL
US1FLPB0037,"WELLINGTON 0.7 SE, FL US",FL
USC00117157,"RED BUD 2 S, IL US",IL
US1FLSR0042,"MILTON 8.0 E, FL US",FL
US1FLSR0043,"MILTON 0.9 NNW, FL US",FL
US1FLSR0044,"NAVARRE 0.6 N, FL US",FL
US1SCBK0056,"MONCKS CORNER 0.8 ESE, SC US",SC
US1ILGY0037,"MAZON 2.4 SE, IL US",IL
US1ILGY0038,"DWIGHT 2.2 NNW, IL US",IL
US1ILWL0171,"PLAINFIELD 1.7 WNW, IL US",IL
US1ILGY0034,"MORRIS 4.5 NW, IL US",IL
USC00085076,"LISBON, FL US",FL
USR0000AEAG,"EAGLE ALASKA, AK US",AK
US1ILWL0175,"JOLIET 0.7 WNW, IL US",IL
US1FLOR0019,"UNION PARK 1.1 E, FL US",FL
USC00115372,"MARSEILLES LOCK DAM, IL US",IL
US1ILWL0179,"NEW LENOX 2.8 SE, IL US",IL
US1ILWL0178,"MOKENA 2.1 SW, IL US",IL
US1ILCK0152,"CHICAGO RIDGE 0.2 WSW, IL US",IL
US1ILCK0148,"OAK LAWN 1.9 SE, IL US",IL
USC00308721,"UPTON COOP NWSFO NEW YORK, NY US",NY
US1FLGL0013,"MOORE HAVEN 10.4 N, FL US",FL
US1SCCR0204,"MOUNT PLEASANT 2.0 N, SC US",SC
US1ILCK0149,"OAK LAWN 0.5 SSW, IL US",IL
USS0054K01S,"MCNEIL RIVER SGS, AK US",AK
USC00504812,"KITOI BAY, AK US",AK
US1SCBK0038,"MONCKS CORNER 3.6 E, SC US",SC
USS0050N07S,"SUSITNA VALLEY HIGH, AK US",AK
US1ILWL0164,"WILMINGTON 0.9 ENE, IL US",IL
US1SCGT0067,"PAWLEYS ISLAND 2.4 NNW, SC US",SC
US1ILWL0165,"FRANKFORT 1.3 ESE, IL US",IL
US1SCGT0066,"GEORGETOWN 0.8 SE, SC US",SC
US1ILWL0166,"NAPERVILLE 3.6 SE, IL US",IL
US1SCCR0217,"WADMALAW ISLAND 3.6 ENE, SC US",SC
US1SCCR0218,"JOHNS ISLAND 3.3 WNW, SC US",SC
US1SCGT0061,"MURRELLS INLET 0.9 SSW, SC US",SC
US1SCGT0060,"MURRELLS INLET 0.7 ENE, SC US",SC
US1SCGT0063,"GEORGETOWN 1.1 E, SC US",SC
USC00303050,"FREEVILLE 1 NE, NY US",NY
US1ILCK0139,"OAK LAWN 1.1 N, IL US",IL
US1SCCR0210,"CHARLESTON 3.8 NW, SC US",SC
USR0000AMOT,"MOTHER GOOSE ALASKA, AK US",AK
US1SCCR0214,"EDISTO BEACH 5.1 NNW, SC US",SC
US1SCCR0212,"NORTH CHARLESTON 3.1 E, SC US",SC
US1NDCS0077,"FARGO 6.3 S, ND US",ND
USR0000IDIX,"DIXON SPRINGS ILLINOIS, IL US",IL
US1NMMR0003,"OCATE 3.7 WNW, NM US",NM
US1SCGT0056,"PAWLEYS ISLAND 2.7 WNW, SC US",SC
US1NMMR0004,"OCATE 3.4 WNW TWR 1, NM US",NM
USC00085099,"LIVE OAK, FL US",FL
US1NMMR0005,"OCATE 3.0 WNW TWR 2, NM US",NM
US1ILCK0131,"SCHAUMBURG 2.0 E, IL US",IL
US1SCCR0228,"WADMALAW ISLAND 4.1 NE, SC US",SC
US1SCCR0229,"MOUNT PLEASANT 2.7 S, SC US",SC
USC00114012,"HENNEPIN, IL US",IL
US1SCCR0227,"CHARLESTON 4.0 NW, SC US",SC
US1FLOR0046,"ORLANDO 2.2 WNW, FL US",FL
USC00305679,"NEWARK, NY US",NY
US1SCGT0054,"PAWLEYS ISLAND 2.7 W, SC US",SC
US1SCCR0220,"CHARLESTON 5.6 SE, SC US",SC
US1SCCR0221,"SEABROOK ISLAND 0.2 S, SC US",SC
USC00503502,"HAINES NUMBER 2, AK US",AK
US1NYPT0002,"BEACON 4.2 ESE, NY US",NY
US1SCCR0225,"MOUNT PLEASANT 8.1 NE, SC US",SC
USC00503504,"HAINES 40 NW, AK US",AK
US1ILWL0182,"PLAINFIELD 3.9 SSW, IL US",IL
US1SCGT0044,"GEORGETOWN 13.3 NW, SC US",SC
USC00303025,"FRANKLINVILLE, NY US",NY
US1ILCK0121,"PALATINE 1.3 E, IL US",IL
US1FLOR0026,"ORLANDO 4.8 NNW, FL US",FL
US1FLOR0034,"OCOEE 1.4 N, FL US",FL
US1SCCR0238,"EDISTO ISLAND 2.2 ESE, SC US",SC
USC00116661,"PAW PAW 2 S, IL US",IL
US1FLOR0030,"ORLANDO 12.0 S, FL US",FL
USC00116663,"PAXTON, IL US",IL
US1SCCR0231,"EDISTO ISLAND 4.5 NNW, SC US",SC
USC00383990,"HARTSVILLE, SC US",SC
USC00299156,"TUCUMCARI 4 NE, NM US",NM
US1SCBK0008,"HANAHAN 1.1 N, SC US",SC
US1SCGT0033,"PAWLEY S ISLAND 1.8 W, SC US",SC
US1SCGT0036,"PAWLEYS ISLAND 3.0 WNW, SC US",SC
US1SCGT0038,"GEORGETOWN 11.2 SW, SC US",SC
US1FLOR0059,"ORLANDO 0.4 SW, FL US",FL
US1ILWS0003,"OKAWVILLE 2.3 SW, IL US",IL
US1SCCR0248,"MOUNT PLEASANT 8.5 NE, SC US",SC
US1NDSM0012,"MONTPELIER 3.3 ESE, ND US",ND
US1FLOR0062,"OAKLAND 2.6 SSE, FL US",FL
US1ILWS0001,"ASHLEY 1.4 NNE, IL US",IL
US1NDSM0015,"JAMESTOWN 0.8 WSW, ND US",ND
US1FLOR0065,"ORLANDO 5.3 ENE, FL US",FL
US1NDSM0014,"PINGREE 5.4 NW, ND US",ND
US1SCCR0243,"MOUNT PLEASANT 1.9 N, SC US",SC
US1NYER0266,"SPRINGVILLE 1.1 WNW, NY US",NY
US1FLOR0061,"OAKLAND 1.5 WSW, FL US",FL
US1SCCR0241,"EDISTO ISLAND 3.2 NNE, SC US",SC
USC00297386,"RESERVE RANGER STATION, NM US",NM
US1NYER0264,"WEST SENECA 2.5 E, NY US",NY
US1ILWS0006,"HOYLETON 2.8 WNW, IL US",IL
US1NYER0261,"ELMA CENTER 1.8 SE, NY US",NY
US1ILGY0004,"COAL CITY 0.4 N, IL US",IL
US1NDCS0025,"FARGO 2.1 N, ND US",ND
US1ILGY0001,"CARBON HILL 3.1 N, IL US",IL
US1SCGT0024,"PAWLEYS ISLAND 2.6 N, SC US",SC
USC00500490,"AURORA, AK US",AK
US1FLOR0055,"ORLANDO 6.8 W, FL US",FL
US1FLOR0054,"APOPKA 1.0 E, FL US",FL
US1SCCR0254,"MOUNT PLEASANT 5.6 ENE, SC US",SC
US1SCCR0251,"JOHNS ISLAND 1.4 NNW, SC US",SC
USC00296061,"NAVAJO DAM, NM US",NM
US1SCCR0256,"CHARLESTON 4.8 WNW, SC US",SC
US1NDCS0032,"DURBIN 5.4 WNW, ND US",ND
US1ILGY0016,"MORRIS 6.4 ESE, IL US",IL
US1ILGY0011,"MORRIS 4.8 NNW, IL US",IL
US1ILGY0010,"MINOOKA 0.3 NE, IL US",IL
USR0000NSTO,"STONYKILL NEW YORK, NY US",NY
US1ILSP0026,"FREEPORT 2.9 WSW, IL US",IL
US1FLOR0085,"BITHLO 0.8 NW, FL US",FL
US1ILSP0022,"FREEPORT 1.3 E, IL US",IL
US1FLOR0081,"APOPKA 2.6 ENE, FL US",FL
US1NYER0245,"CHEEKTOWAGA 1.9 NNW, NY US",NY
US1SCCR0262,"FOLLY BEACH, SC US",SC
US1NYER0242,"TONAWANDA 1.6 E, NY US",NY
US1ILSP0028,"FREEPORT 4.3 W, IL US",IL
US1ILGY0028,"MORRIS 1.5 SW, IL US",IL
US1NDCS0045,"FARGO 3.6 NNE, ND US",ND
US1SCCR0272,"JOHNS ISLAND 5.0 W, SC US",SC
US1ILGY0020,"MORRIS 2.5 SSE, IL US",IL
US1ILGY0021,"COAL CITY 2.8 N, IL US",IL
US1SCGT0004,"GEORGETOWN 6.0 S, SC US",SC
US1FLOR0074,"MEADOW WOOD 1.1 SSE, FL US",FL
US1ILSP0032,"DAVIS 1.5 NNE, IL US",IL
US1ILSP0031,"LENA 0.3 SSE, IL US",IL
US1SCCR0275,"CHARLESTON 2.3 NE, SC US",SC
US1SCCR0276,"CHARLESTON 4.8 SE, SC US",SC
US1FLOR0072,"UNION PARK 3.1 SE, FL US",FL
USS0050N05S,"TOKOSITNA VALLEY, AK US",AK
US1SCCR0278,"MOUNT PLEASANT 2.2 W, SC US",SC
US1NYSF0153,"DEER PARK 1.0 NE, NY US",NY
US1NYSF0158,"LINDENHURST 1.0 NE, NY US",NY
US1ILPL0002,"NEW GRAND CHAIN 1.1 NNW, IL US",IL
US1FLPN0009,"ST. PETERSBURG 2.3 SSE, FL US",FL
USC00320450,"BALDHILL DAM, ND US",ND
USC00307484,"SARATOGA SPRINGS 4 SW, NY US",NY
US1NMTR0032,"MORIARTY 1.0 SSW, NM US",NM
US1FLLV0018,"DUNNELLON 7.4 W, FL US",FL
US1FLLV0019,"ARCHER 6.7 SW, FL US",FL
USW00023052,"RATON MUNICIPAL CREWS FIELD AIRPORT, NM US",NM
US1ILMD0037,"HIGHLAND 1.0 E, IL US",IL
USW00023051,"CLAYTON MUNICIPAL AIR PARK, NM US",NM
USW00023054,"LAS VEGAS MUNICIPAL AIRPORT, NM US",NM
US1ILMD0039,"MARYVILLE 1.4 ENE, IL US",IL
US1NMTR0034,"MCINTOSH 4.4 ESE, NM US",NM
USW00023050,"ALBUQUERQUE INTERNATIONAL AIRPORT, NM US",NM
US1ILMR0011,"NEW BOSTON 9.3 NNE, IL US",IL
US1FLMT0001,"PALM CITY 4.0 SW, FL US",FL
USC00297340,"REDROCK 1 NNE, NM US",NM
US1NYSF0165,"BLUE POINT 0.3 ENE, NY US",NY
US1NYSF0166,"MANORVILLE 1.8 SSE, NY US",NY
US1NYSF0168,"CENTERPORT 1.1 SE, NY US",NY
US1ILHM0003,"MCLEANSBORO 4.9 W, IL US",IL
US1ILHM0004,"MCLEANSBORO 7.8 SE, IL US",IL
US1NMTR0020,"ESTANCIA 9.4 NW, NM US",NM
US1ILMD0020,"EDWARDSVILLE 0.9 WSW, IL US",IL
US1NMTR0021,"MOUNTAINAIR 2.2 N, NM US",NM
USW00004789,"MONTGOMERY ORANGE CO AIRPORT, NY US",NY
USR0000SCAR,"CAROLINA SANDHILLS S. CAROLINA, SC US",SC
US1FLPN0006,"SOUTH PASADENA 1.0 NE, FL US",FL
USC00114780,"KNOXVILLE, IL US",IL
USC00081306,"CAPE FLORIDA, FL US",FL
USC00113455,"GLADSTONE L D 18, IL US",IL
US1FLMT0019,"JENSEN BEACH 2.2 NW, FL US",FL
USW00023049,"SANTA FE CO MUNICIPAL AIRPORT, NM US",NM
US1FLMT0018,"STUART 1.0 ESE, FL US",FL
USW00027406,"DEADHORSE, AK US",AK
USW00023048,"TUCUMCARI MUNICIPAL AIRPORT, NM US",NM
US1ILKN0115,"AURORA 3.5 ESE, IL US",IL
US1FLMT0016,"CANAL POINT 9.9 NNE, FL US",FL
USW00004781,"ISLIP LI MACARTHUR AIRPORT, NY US",NY
USC00389350,"WINTHROP UNIVERSITY, SC US",SC
USW00027401,"BARTER ISLAND WEATHER SERVICE OFFICE AIRPORT, AK US",AK
US1ILMD0053,"EDWARDSVILLE 5.5 E, IL US",IL
US1ILCK0094,"LINCOLNWOOD 1.8 E, IL US",IL
US1ILMD0054,"BETHALTO 0.9 NW, IL US",IL
US1ILCK0098,"LA GRANGE PARK 0.7 SSW, IL US",IL
USC00382711,"EDGEFIELD 0.3SW, SC US",SC
US1FLPN0035,"GULFPORT 0.9 NNW, FL US",FL
US1FLPN0034,"ST. PETERSBURG 3.2 NNW, FL US",FL
US1FLPN0036,"DUNEDIN 2.8 ESE, FL US",FL
USW00023078,"DEMING MUNICIPAL AIRPORT, NM US",NM
USW00023077,"CLOVIS MUNICIPAL AIRPORT, NM US",NM
US1ILRI0024,"TAYLOR RIDGE 1.1 N, IL US",IL
USC00386293,"NINETY NINE ISLANDS, SC US",SC
US1FLLV0001,"DUNNELLON 10.1 NW, FL US",FL
USC00386298,"NORTH SALUDA RESERVOIR, SC US",SC
USC00386297,"N AUGUSTA 2.3 SSE, SC US",SC
US1ILMD0040,"EDWARDSVILLE 1.1 ENE, IL US",IL
US1ILMD0041,"TROY 1.9 S, IL US",IL
US1ILMD0044,"WOOD RIVER 0.5 NW, IL US",IL
US1ILMD0045,"EDWARDSVILLE 1.2 ENE, IL US",IL
USC00083986,"HILLSBOROUGH RVR ST PARK, FL US",FL
US1ILAL0002,"CAIRO 0.8 N, IL US",IL
US1ILRI0013,"MOLINE 0.7 NNE, IL US",IL
US1FLNS0017,"FERNANDINA BEACH 2.3 S, FL US",FL
US1FLNS0014,"FERNANDINA BEACH 6.3 SW, FL US",FL
US1ILCK0074,"OAK PARK 1.3 NNE, IL US",IL
USW00023090,"FARMINGTON FOUR CORNERS REGIONAL AIRPORT, NM US",NM
US1ILCK0075,"ELK GROVE VILLAGE 2.2 WSW, IL US",IL
USC00303088,"FULTON LOCK O 3, NY US",NY
USC00303087,"FULTON, NY US",NY
USC00382730,"EDISTO BEACH STATE PARK, SC US",SC
USC00117860,"SHAWNEETOWN 3 WSW, IL US",IL
USC00503368,"GOLDSTREAM CREEK, AK US",AK
US1FLNS0021,"FERNANDINA BEACH 2.4 S, FL US",FL
US1NMQY0041,"TUCUMCARI 8.9 ENE, NM US",NM
US1NMQY0040,"TUCUMCARI 20.8 S, NM US",NM
US1ILMCD007,"COLCHESTER 3.5 NE, IL US",IL
US1FLHN0008,"WEEKI WACHEE 3.0 N, FL US",FL
US1SCFR0011,"BLAIR 6.3 ESE, SC US",SC
US1ILCK0063,"ELK GROVE VILLAGE 0.6 ESE, IL US",IL
US1ILCK0064,"HOMEWOOD 0.1 ESE, IL US",IL
US1NMQY0031,"TUCUMCARI 8.8 ENE, NM US",NM
USW00023081,"GALLUP MUNICIPAL AIRPORT, NM US",NM
USC00116526,"OTTAWA 4 SW, IL US",IL
US1FLHN0011,"NORTH BROOKSVILLE 6.3 NE, FL US",FL
US1FLHN0014,"SPRING HILL 2.4 NW, FL US",FL
US1ILCK0050,"PALOS PARK 1.3 SW, IL US",IL
US1ILMD0010,"GRANITE CITY 1.4 ENE, IL US",IL
USC00113490,"GLEN ELLYN 4 S, IL US",IL
USC00327027,"PETERSBURG 2 N, ND US",ND
US1ILMD0012,"GRANITE CITY 2.3 NE, IL US",IL
US1NMQY0020,"MCALISTER 3.7 WNW, NM US",NM
US1NMTR0016,"ESTANCIA 6.4 WSW, NM US",NM
US1NMTR0017,"ESTANCIA 7.1 WSW, NM US",NM
USR0000AFYK,"FORT YUKON ALASKA, AK US",AK
US1NMTR0018,"ESTANCIA 6.4 WSW 2, NM US",NM
US1NMTR0012,"MOUNTAINAIR 4.2 WSW, NM US",NM
US1FLHN0026,"SPRING HILL 2.4 WSW, FL US",FL
US1FLHN0024,"WEEKI WACHEE 7.1 NNE, FL US",FL
US1NMQY0009,"TUCUMCARI 9.7 ESE, NM US",NM
US1ILCK0042,"MOUNT PROSPECT 3.0 NE, IL US",IL
US1NMTR0005,"EDGEWOOD 7.0 SSW, NM US",NM
USC00307425,"SANBORN 4 NE, NY US",NY
USC00112140,"DANVILLE, IL US",IL
USC00117833,"SHABBONA 3 S, IL US",IL
US1NMQY0014,"HOUSE 0.1 S, NM US",NM
US1NMQY0013,"LOGAN 1.5 W, NM US",NM
USC00296006,"NADINE 2 E, NM US",NM
USC00112145,"DANVILLE SEWAGE PLANT, IL US",IL
USC00507738,"PORT SAN JUAN, AK US",AK
USW00025628,"ST GEORGE ISLAND AIRPORT, AK US",AK
USC00303955,"HONEOYE, NY US",NY
US1FLHN0039,"BROOKSVILLE 3.7 SE, FL US",FL
USC00388887,"WALHALLA, SC US",SC
US1NYNG0047,"SANBORN 3.0 NNE, NY US",NY
USC00114710,"KEWANEE 1 E, IL US",IL
US1FLBY0007,"PANAMA CITY BEACH 0.3 SW, FL US",FL
USC00110356,"AVON, IL US",IL
US1SCAL0002,"ALLENDALE 1.7 SE, SC US",SC
US1FLHN0041,"SPRING HILL 3.6 ESE, FL US",FL
USW00025630,"SAND POINT 1 ENE, AK US",AK
US1NYNG0055,"LOCKPORT 0.9 E, NY US",NY
USC00387561,"ST. MATTHEWS 1 SE, SC US",SC
USC00301309,"CENTERPORT, NY US",NY
USC00303961,"HOOKER 12 NNW, NY US",NY
US1NYNG0058,"MIDDLEPORT 0.5 SSW, NY US",NY
USC00084412,"JOHN PENNEKAMP STATE PARK, FL US",FL
USW00025624,"COLD BAY AIRPORT, AK US",AK
US1FLHN0050,"BROOKSVILLE 7.1 W, FL US",FL
USW00025623,"CAPE NEWENHAM AFS, AK US",AK
USC00324879,"LAKE METIGOSHE STATE PARK, ND US",ND
US1SCSP0120,"CAMPOBELLO 1.4 SE, SC US",SC
USC00505136,"KUPARUK, AK US",AK
US1SCED0016,"EDGEFIELD 3.3 N, SC US",SC
US1SCED0013,"TRENTON 6.5 SSW, SC US",SC
USC00386209,"NEWBERRY, SC US",SC
USC00309248,"WESTMORELAND 4 N, NY US",NY
USC00110330,"AUGUSTA, IL US",IL
USC00111664,"CISNE 2 S, IL US",IL
US1SCSP0116,"LYMAN 1.2 NW, SC US",SC
USC00110338,"AURORA WATER, IL US",IL
USC00507783,"PUNTILLA, AK US",AK
US1NYSF0100,"PORT JEFFERSON STATION 0.3 SSW, NY US",NY
US1NYSF0103,"RIDGE 1.8 SE, NY US",NY
US1SCED0005,"EDGEFIELD 10.5 N, SC US",SC
US1SCED0002,"TRENTON 6.3 SSW, SC US",SC
USC00302610,"ELMIRA, NY US",NY
USC00118293,"STOCKTON 3 NNE, IL US",IL
USC00388879,"WAGENER 1 SW, SC US",SC
USW00004720,"JAMESTOWN, NY US",NY
US1SCSP0107,"REIDVILLE 2.1 NNW, SC US",SC
USW00004725,"BINGHAMTON GREATER AP, NY US",NY
USW00004724,"NIAGARA FALLS INTERNATIONAL AIRPORT, NY US",NY
USC00111655,"CISCO, IL US",IL
US1SCSP0100,"INMAN 2.9 W, SC US",SC
US1SCSP0105,"SPARTANBURG 3.7 SW, SC US",SC
US1NYSF0110,"ISLIP TERRACE 1.1 NNE, NY US",NY
US1SCMB0002,"BENNETTSVILLE 1.2 SE, SC US",SC
USW00023009,"ROSWELL INDUSTRIAL AIR PARK, NM US",NM
USW00023008,"CLOVIS CANNON AFB, NM US",NM
US1SCSP0141,"INMAN 4.5 WSW, SC US",SC
USC00323529,"GOLDEN VALLEY 9 S, ND US",ND
USC00300889,"BRIDGEHAMPTON, NY US",NY
USC00084461,"JUNO BEACH, FL US",FL
USC00306196,"OLEAN, NY US",NY
USC00088824,"TARPON SPGS SEWAGE PLANT, FL US",FL
US1NYNG0002,"NORTH TONAWANDA 1.0 NNE, NY US",NY
US1ILKN0140,"ALGONQUIN 1.3 SE, IL US",IL
US1SCSP0133,"INMAN 2.0 SE, SC US",SC
US1SCSP0132,"BOILING SPRINGS 1.2 ESE, SC US",SC
US1FLMT0048,"STUART 5.8 S, FL US",FL
US1ILKN0143,"ELGIN 0.9 WSW, IL US",IL
US1FLMT0046,"PORT SALERNO 2.4 SW, FL US",FL
US1AKYK0001,"YAKUTAT 2.5 SE, AK US",AK
US1ILKN0144,"NORTH AURORA 0.8 N, IL US",IL
US1NYSF0123,"CENTER MORICHES 0.5 N, NY US",NY
US1NYAB0001,"ALTAMONT 2.7 SSW, NY US",NY
US1NYSF0127,"RIDGE 1.5 SE, NY US",NY
USR0000SSV1,"SAVRAW SOUTH CAROLINA, SC US",SC
US1NYNG0012,"LOCKPORT 0.8 NE, NY US",NY
USR0000AWON,"WONDER LAKE ALASKA, AK US",AK
USR0000SSV2,"SAVRIV SOUTH CAROLINA, SC US",SC
USW00004742,"PLATTSBURGH INTERNATIONAL AIRPORT, NY US",NY
US1SCSP0124,"DUNCAN 2.9 SSE, SC US",SC
US1SCSP0121,"GREER 2.2 NE, SC US",SC
US1NYAB0010,"RENSSELAERVILLE 2.1 NNW, NY US",NY
US1SCSP0128,"BOILING SPRINGS 4.2 ENE, SC US",SC
USW00023002,"HOLLOMAN AFB, NM US",NM
US1SCSP0125,"INMAN 2.1 ESE, SC US",SC
US1FLMT0031,"PALM CITY 1.4 NW, FL US",FL
USS0006P01S,"QUEMAZON, NM US",NM
US1ILKN0118,"SLEEPY HOLLOW 0.7 W, IL US",IL
US1NYSF0138,"SAYVILLE, NY US",NY
USC00083153,"FORT GREEN 12 WSW, FL US",FL
US1NYNG0027,"LOCKPORT 2.8 WNW, NY US",NY
US1FLBY0022,"PANAMA CITY BEACH 4.4 ESE, FL US",FL
USW00000393,"TELLER AIRPORT, AK US",AK
US1FLBY0023,"LYNN HAVEN 1.0 W, FL US",FL
US1FLBY0024,"PANAMA CITY 1.9 SE, FL US",FL
US1FLBY0025,"PANAMA CITY BEACH 0.8 SE, FL US",FL
US1FLBY0026,"PARKER 0.6 NNE, FL US",FL
US1FLBY0027,"YOUNGSTOWN 6.7 WNW, FL US",FL
US1FLBY0028,"LYNN HAVEN 1.9 ENE, FL US",FL
US1FLVL0103,"ORANGE CITY 1.4 ENE, FL US",FL
US1FLVL0101,"NEW SMYRNA BEACH 1.4 WNW, FL US",FL
US1ILKN0121,"GENEVA 1.3 NW, IL US",IL
US1FLVL0105,"PIERSON 1.0 ENE, FL US",FL
US1ILKN0123,"AURORA 2.8 WSW, IL US",IL
US1SCMB0011,"CLIO 1.6 WNW, SC US",SC
US1NYNG0032,"RAPIDS 1.0 SW, NY US",NY
US1FLMT0042,"HOBE SOUND 0.6 WNW, FL US",FL
US1NYSF0145,"SELDEN 1.6 ESE, NY US",NY
US1NYAB0023,"ALBANY 0.7 SW, NY US",NY
US1NYNG0030,"LOCKPORT 2.5 ESE, NY US",NY
US1ILKN0128,"BATAVIA 3.4 WSW, IL US",IL
USR0000NDEV,"DEVILS LAKE NORTH DAKOTA, ND US",ND
US1FLVL0110,"DE LAND 5.4 NNW, FL US",FL
USC00306184,"OLD FORGE, NY US",NY
USC00300870,"BREWERTON LOCK 23, NY US",NY
US1FLBY0010,"PANAMA CITY BEACH 5.9 WNW, FL US",FL
US1NYCL0012,"SARANAC 0.8 SSE, NY US",NY
USS0005N04S,"TRES RITOS, NM US",NM
US1FLBY0014,"PANAMA CITY BEACH 4.9 ESE, FL US",FL
US1FLBY0015,"FOUNTAIN 3.4 SSE, FL US",FL
US1ILKN0135,"BATAVIA 0.8 W, IL US",IL
US1SCSP0146,"SPARTANBURG 3.9 ENE, SC US",SC
US1FLMT0039,"PALM CITY 0.9 SW, FL US",FL
US1SCSP0145,"ROEBUCK 1.8 N, SC US",SC
US1SCSP0144,"BOILING SPRINGS 1.3 ESE, SC US",SC
US1ILKN0138,"AURORA 3.2 WNW, IL US",IL
US1FLMT0037,"STUART 5.9 SSE, FL US",FL
US1FLMT0036,"JENSEN BEACH 1.4 N, FL US",FL
US1ILKN0132,"BATAVIA 0.3 SE, IL US",IL
US1FLMT0035,"STUART 8.4 S, FL US",FL
USC00387590,"SALLEY 5.9 NNE, SC US",SC
US1ILKN0133,"GENEVA 0.9 E, IL US",IL
US1ILKN0134,"MAPLE PARK 3.9 S, IL US",IL
USW00093837,"JACKSONVILLE NAS, FL US",FL
USC00324013,"HARVEY 4 NE, ND US",ND
USC00388922,"WALTERBORO 1 SW, SC US",SC
US1SCLR0022,"FOUNTAIN INN 4.6 S, SC US",SC
USW00093831,"BEAUFORT MCAS, SC US",SC
US1NDMK0006,"WATFORD CITY 1.3 NNW, ND US",ND
USW00093846,"ANDERSON REGIONAL AIRPORT, SC US",SC
US1NMDB0004,"FORT SUMNER 0.5 SSW, NM US",NM
US1AKJB0011,"JUNEAU 5.6 NW, AK US",AK
USR0000FMIL,"MILES CITY FLORIDA, FL US",FL
US1NMDB0003,"FORT SUMNER 9.0 SSE, NM US",NM
USC00083163,"FORT LAUDERDALE, FL US",FL
USR0000NLOS,"LOSTWOOD NORTH DAKOTA, ND US",ND
USC00291138,"BOSQUE DEL APACHE, NM US",NM
USC00301388,"CHASES LAKE, NY US",NY
US1SCLR0016,"LAURENS 1.1 SSW, SC US",SC
USC00118353,"STREATOR 2 SE, IL US",IL
US1AKJB0017,"JUNEAU 23.3 W, AK US",AK
USW00093841,"WHITING FIELD NAS, FL US",FL
USC00083168,"FORT LAUDERDALE BEACH, FL US",FL
US1NMDB0008,"FORT SUMNER 8.9 NNW, NM US",NM
USC00300055,"ALBION, NY US",NY
US1FLLK0003,"GROVELAND 1.7 E, FL US",FL
USC00383216,"FORT MILL 4 NW, SC US",SC
USC00300063,"ALCOVE DAM, NY US",NY
USC00380184,"ANDREWS, SC US",SC
US1SCDL0004,"DILLON 3.8 NW, SC US",SC
USS0049L13S,"TURNAGAIN PASS, AK US",AK
US1SCLR0006,"CHAPPELLS 5.0 NNW, SC US",SC
US1FLLK0036,"CLERMONT 2.1 NW, FL US",FL
US1SCLR0008,"GRAY COURT 3.3 WSW, SC US",SC
USC00305714,"NEWCOMB, NY US",NY
USC00305715,"NEWFANE, NY US",NY
USC00111700,"CLAY CITY 6 SSE, IL US",IL
US1FLLK0031,"LADY LAKE 5.5 S, FL US",FL
US1FLLK0030,"LEESBURG 2.7 NW, FL US",FL
US1SCDL0009,"LATTA 0.3 NNE, SC US",SC
USS0049L14S,"GROUSE CREEK DIVIDE, AK US",AK
USS0008T01S,"SIGNAL PEAK, NM US",NM
US1FLLK0023,"LEESBURG 9.9 NE, FL US",FL
USC00291153,"BRANTLEY DAM, NM US",NM
US1FLLK0028,"FRUITLAND PARK 0.8 NNW, FL US",FL
US1FLLK0027,"OAKLAND 3.4 WSW, FL US",FL
US1FLLK0021,"LADY LAKE 1.2 ESE, FL US",FL
US1FLBV0109,"SATELLITE BEACH 1.7 NNW, FL US",FL
US1ILUN0008,"COBDEN 4.1 ENE, IL US",IL
US1FLBV0107,"INDIALANTIC 2.1 NNW, FL US",FL
US1NYCT0022,"FRANKLINVILLE 0.5 NNE, NY US",NY
USC00387631,"SALUDA, SC US",SC
USW00025704,"ADAK AIRPORT, AK US",AK
USC00086240,"NICEVILLE, FL US",FL
USC00117077,"QUINCY DAM 21, IL US",IL
USS0049L19S,"SUMMIT CREEK, AK US",AK
US1ILMH0004,"SPARLAND 3.4 NNW, IL US",IL
US1ILMH0005,"HENRY 1.4 SW, IL US",IL
USW00013717,"MYRTLE BEACH AFB, SC US",SC
USR0000FMER,"MERRITT ISLAND FLORIDA, FL US",FL
USC00080945,"BRADENTON 5 ESE, FL US",FL
US1NYBM0024,"BINGHAMTON 1.3 ENE, NY US",NY
USW00025713,"SAINT PAUL ISLAND AIRPORT, AK US",AK
US1NYBM0021,"WINDSOR 8.0 SE, NY US",NY
US1NYFL0009,"NORTHVILLE 0.6 N, NY US",NY
US1NYCT0025,"ISCHUA 0.4 SSE, NY US",NY
USW00093804,"SPARTANBURG, SC US",SC
USW00093805,"TALLAHASSEE REGIONAL AIRPORT, FL US",FL
US1ILUN0013,"COBDEN 0.1 WNW, IL US",IL
US1NYCT0030,"FRANKLINVILLE 3.5 E, NY US",NY
US1ILUN0012,"COBDEN 4.2 N, IL US",IL
US1FLDV0071,"JACKSONVILLE 11.3 WNW, FL US",FL
US1FLDV0079,"JACKSONVILLE 9.6 SE, FL US",FL
USC00118389,"SULLIVAN 3 S, IL US",IL
USW00093809,"CAIRO 3 N, IL US",IL
US1NYBM0014,"WHITNEY POINT 1.7 SSE, NY US",NY
US1FLBV0126,"ROCKLEDGE 0.9 NW, FL US",FL
USC00384581,"JOCASSEE 8 WNW, SC US",SC
US1FLBV0125,"MELBOURNE 2.5 S, FL US",FL
USW00013744,"FLORENCE REGIONAL AIRPORT, SC US",SC
USW00093810,"CARBONDALE SOUTHERN ILLINOIS AIRPORT, IL US",IL
US1SCLR0045,"LAURENS 0.7 SSW, SC US",SC
US1NYBM0001,"CHENANGO FORKS 3.0 SE, NY US",NY
USC00111743,"CLINTON 1 SSW, IL US",IL
US1FLBV0123,"PALM BAY 2.5 W, FL US",FL
USS0050K05S,"MIDDLE FORK BRADLEY, AK US",AK
US1FLDV0091,"JACKSONVILLE 10.6 NNW, FL US",FL
USC00388951,"WARE SHOALS 2, SC US",SC
US1FLDV0094,"JACKSONVILLE 4.1 SW, FL US",FL
US1SCLR0037,"FOUNTAIN INN 4.1 ESE, SC US",SC
USC00303983,"HORNELL ALMOND DAM, NY US",NY
US1SCLR0032,"WARE SHOALS 2.5 ENE, SC US",SC
USW00093822,"SPRINGFIELD ABRAHAM LINCOLN CAPITAL AIRPORT, IL US",IL
USS0049L18S,"EXIT GLACIER, AK US",AK
USR0000AWIG,"WIGAND ALASKA, AK US",AK
USS0050K06S,"NUKA GLACIER, AK US",AK
US1FLBV0110,"PALM BAY 3.7 NE, FL US",FL
US1NMSF0210,"SANTA FE 6.8 WSW, NM US",NM
US1FLBV0149,"ROCKLEDGE 1.6 NNE, FL US",FL
US1FLBV0146,"MERRITT ISLAND 3.1 NNW, FL US",FL
US1FLPN0090,"PINELLAS PARK 1.7 ENE, FL US",FL
US1ILDP0016,"AURORA 3.6 SE, IL US",IL
US1NMSF0218,"EDGEWOOD 5.5 N, NM US",NM
US1FLDV0042,"JACKSONVILLE 10.3 SW, FL US",FL
US1NMSF0217,"SANTA FE 2.3 N, NM US",NM
US1NDBT0011,"BOTTINEAU 6.4 ENE, ND US",ND
US1NMSF0214,"SANTA FE 3.4 NE, NM US",NM
USS0049T03S,"ATIGUN PASS, AK US",AK
USC00116579,"PANA, IL US",IL
US1NDBT0008,"MAXBASS 4.9 ENE, ND US",ND
US1NDBT0009,"WESTHOPE 0.1 N, ND US",ND
US1FLSJ0016,"ST. AUGUSTINE 12.2 WNW, FL US",FL
US1ILSH0001,"SHELBYVILLE 0.5 NE, IL US",IL
US1FLPN0099,"ST. PETERSBURG 4.9 WNW, FL US",FL
US1FLSJ0020,"ST. AUGUSTINE 3.1 SSE, FL US",FL
US1NMSF0220,"SANTA FE 0.3 NNE, NM US",NM
US1FLBV0137,"WEST MELBOURNE 1.6 WNW, FL US",FL
US1FLDV0033,"JACKSONVILLE 10.0 WSW, FL US",FL
US1NMSF0224,"SANTA FE 10.6 WSW, NM US",NM
US1NMSF0223,"SANTA FE 3.7 NE, NM US",NM
USC00324091,"HEART BUTTE DAM, ND US",ND
US1NYBM0052,"BINGHAMTON 2.9 NNE, NY US",NY
USC00117896,"SHERMAN, IL US",IL
US1NYBM0056,"VESTAL 2.0 WSW, NY US",NY
US1FLBV0134,"COCOA 1.1 WNW, FL US",FL
US1FLSJ0028,"ST. AUGUSTINE 3.4 SW, FL US",FL
US1FLPN0081,"ST. PETERSBURG 2.5 S, FL US",FL
USC00321816,"COURTENAY 1 NW, ND US",ND
US1FLPN0083,"CLEARWATER 1.6 N, FL US",FL
US1FLSJ0023,"ST. AUGUSTINE 3.4 NW, FL US",FL
US1FLPN0087,"GULFPORT 0.6 SSE, FL US",FL
USS0049T01S,"IMNAVIAT CREEK, AK US",AK
US1FLSJ0031,"PALM VALLEY 5.9 SSW, FL US",FL
US1FLSJ0030,"FRUIT COVE 1.9 N, FL US",FL
US1ILCK0012,"BRIDGEVIEW 1.3 NNW, IL US",IL
USC00324083,"HAZELTON 4 NW, ND US",ND
USC00501684,"CHICKEN, AK US",AK
USC00381462,"CATAWBA, SC US",SC
US1FLSJ0034,"ST. AUGUSTINE 5.1 WNW, FL US",FL
US1FLSJ0033,"SAWGRASS 2.2 S, FL US",FL
US1FLDV0050,"JACKSONVILLE 8.9 ENE, FL US",FL
US1NMSF0204,"SANTA FE 3.3 WSW, NM US",NM
US1NMSF0203,"SANTA FE 4.6 NW, NM US",NM
USC00112193,"DECATUR WTP, IL US",IL
US1NMSF0202,"SANTA FE 3.7 SW, NM US",NM
USC00117876,"SHELBYVILLE DAM, IL US",IL
US1NYBM0034,"VESTAL 3.2 E, NY US",NY
USC00308839,"VICTOR 2 NW, NY US",NY
USC00299031,"TORREON NAVAJO MISSION, NM US",NM
US1FLBV0151,"PALM BAY 1.8 NNE, FL US",FL
USC00115219,"LOVINGTON, IL US",IL
USC00328415,"STREETER 5 NW, ND US",ND
USC00291963,"CLOVIS 13 N, NM US",NM
US1ILLE0026,"WEST BROOKLYN 4.3 WNW, IL US",IL
US1ILLE0023,"SUBLETTE 3.1 WNW, IL US",IL
US1ILFK0015,"WEST FRANKFORT 7.5 E, IL US",IL
US1FLDV0003,"JACKSONVILLE 5.9 SW, FL US",FL
US1ILLE0027,"AMBOY 0.5 SSE, IL US",IL
US1ILFK0007,"CHRISTOPHER 1.1 NNW, IL US",IL
US1FLLK0057,"CLERMONT 6.1 NNE, FL US",FL
USC00300093,"ALLEGANY STATE PARK, NY US",NY
US1FLLK0056,"LEESBURG 4.9 WSW, FL US",FL
US1ILFK0006,"BENTON 1.3 NNE, IL US",IL
US1ILLE0022,"AMBOY 0.5 SSW, IL US",IL
US1ILFK0009,"BENTON 2.1 NE, IL US",IL
USS0049L10S,"COOPER LAKE, AK US",AK
USR0000NCRO,"CROSBY NORTH DAKOTA, ND US",ND
US1FLLK0054,"TAVARES 2.4 WNW, FL US",FL
USC00298596,"SUMNER LAKE, NM US",NM
US1NMMK0030,"GALLUP 0.7 ENE, NM US",NM
US1FLLK0052,"GROVELAND 5.1 NE, FL US",FL
US1NMMK0031,"ZUNI 3.6 ENE, NM US",NM
USS0042N01S,"CHISANA, AK US",AK
USC00115280,"MACOMB, IL US",IL
US1FLLK0046,"CLERMONT 6.5 S, FL US",FL
USC00381479,"CEDAR CREEK 2 E, SC US",SC
US1FLLK0044,"PAISLEY 2.4 E, FL US",FL
USC00297279,"RATON FILTER PLANT, NM US",NM
US1ILLE0010,"DIXON 3.0 NNW, IL US",IL
USC00500363,"ANNEX CREEK, AK US",AK
US1FLLK0048,"TAVARES 0.4 SSE, FL US",FL
USC00290640,"AUGUSTINE 2 E, NM US",NM
US1FLLK0043,"LADY LAKE 4.0 ESE, FL US",FL
US1FLLK0042,"CLERMONT 4.1 S, FL US",FL
US1FLLK0041,"LEESBURG 5.5 S, FL US",FL
US1NMMK0017,"GALLUP 1.5 NE, NM US",NM
USC00115272,"MACKINAW 3 WSW, IL US",IL
US1ILLE0008,"ASHTON 0.4 SSW, IL US",IL
US1ILLE0005,"STERLING 4.3 NE, IL US",IL
US1FLDV0026,"JACKSONVILLE 7.3 SW, FL US",FL
US1FLPN0079,"ST. PETERSBURG 2.2 N, FL US",FL
US1FLHY0013,"CLEWISTON 13.4 WSW, FL US",FL
US1FLDV0028,"JACKSONVILLE 3.8 ESE, FL US",FL
USC00291982,"COCHITI DAM, NM US",NM
US1FLPN0071,"PALM HARBOR 1.0 S, FL US",FL
US1FLPN0074,"ST. PETERSBURG 1.6 WNW, FL US",FL
US1FLPN0077,"SEMINOLE 3.3 WNW, FL US",FL
US1NMMK0024,"PREWITT 5.5 NNE, NM US",NM
US1NMMK0028,"GALLUP 0.4 NNE, NM US",NM
US1NMMK0029,"THOREAU 0.8 ENE, NM US",NM
US1ILEW0004,"ALBION 1.4 E, IL US",IL
US1ILEW0003,"ALBION 0.2 SW, IL US",IL
USC00300085,"ALFRED, NY US",NY
USC00380165,"ANDERSON, SC US",SC
US1FLPN0060,"ST. PETERSBURG 4.5 NW, FL US",FL
US1FLSJ0004,"ST. AUGUSTINE SOUTH 2.1 SSW, FL US",FL
US1SCLN0008,"LANCASTER 0.4 WSW, SC US",SC
USC00324937,"LA MOURE, ND US",ND
USC00503695,"HOONAH, AK US",AK
US1NYST0010,"SAVONA 4.7 S, NY US",NY
US1SCLN0002,"FORT MILL 3.5 ENE, SC US",SC
US1NMRA0066,"CHAMA 1.0 N, NM US",NM
USC00306276,"ORIENT POINT STATE PARK, NY US",NY
US1NMRA0069,"EL RITO 0.0 SW, NM US",NM
USC00297226,"RAGLAND 3 SSW, NM US",NM
US1FLMN0077,"SUMMERLAND KEY 0.8 SE, FL US",FL
US1FLMN0076,"KEY WEST 2.2 ENE, FL US",FL
USW00093041,"LAS CRUCES MUNICIPAL AIRPORT, NM US",NM
US1NYST0003,"SOUTH CORNING 4.7 S, NY US",NY
US1FLMN0079,"SUMMERLAND KEY 0.7 S, FL US",FL
US1NMRA0072,"CHAMA 23.3 SSW, NM US",NM
US1SCSP0058,"DUNCAN 1.6 SSE, SC US",SC
US1FLMN0070,"KEY WEST 0.6 ESE, FL US",FL
US1SCSP0054,"PAULINE 4.5 SSE, SC US",SC
US1SCSP0053,"CHESNEE 4.5 WNW, SC US",SC
USC00290600,"ARTESIA 6 S, NM US",NM
USC00502352,"DELTA JUNCTION 20 SE, AK US",AK
USW00093045,"TRUTH OR CONSEQUENCES MUNICIPAL AIRPORT, NM US",NM
USC00291931,"CLOUDCROFT, NM US",NM
US1ILMY0001,"NOKOMIS 4.5 NW, IL US",IL
USC00389469,"YEMASSEE 1 N, SC US",SC
USC00089176,"VENICE, FL US",FL
US1SCLN0026,"LANCASTER 6.9 ENE, SC US",SC
US1SCLN0025,"FORT MILL 3.3 E, SC US",SC
USW00093057,"GRANTS MILAN MUNICIPAL AIRPORT, NM US",NM
US1NMRA0044,"MEDANALES 0.8 ESE, NM US",NM
US1ILDP0079,"BURR RIDGE 1.9 SW, IL US",IL
US1ILDP0078,"NAPERVILLE 2.4 SE, IL US",IL
USC00083874,"HASTINGS 4 NE, FL US",FL
USC00113320,"GALESBURG, IL US",IL
USC00115983,"MURPHYSBORO 2 SW, IL US",IL
US1ILDP0085,"VILLA PARK 1.0 NW, IL US",IL
USW00093063,"SILVER CITY GRANT CO AIRPORT, NM US",NM
US1NMRA0051,"CHAMA 12.3 SSE, NM US",NM
US1ILFY0002,"ST. ELMO 2.4 NNW, IL US",IL
US1SCSP0071,"CAMPOBELLO 2.7 WSW, SC US",SC
US1SCSP0076,"SPARTANBURG 0.9 E, SC US",SC
US1SCLN0010,"INDIAN LAND 4.7 S, SC US",SC
USW00053802,"MATTOON CHARLESTON COLES CO AIRPORT, IL US",IL
US1NMRA0064,"GALLINA 2.0 W, NM US",NM
US1NMRA0061,"ABIQUIU 2.4 ENE, NM US",NM
US1SCSP0066,"WELLFORD 2.8 ENE, SC US",SC
USC00113392,"GENOA 2 SW, IL US",IL
USW00053854,"ORANGEBURG MUNICIPAL AIRPORT, SC US",SC
US1NYMD0022,"ONEIDA 0.4 NW, NY US",NY
USW00053853,"DESTIN FORT WALTON BEACH AIRPORT, FL US",FL
USR0000FSAN,"SANBORN FLORIDA, FL US",FL
USC00113384,"GENESEO, IL US",IL
USW00053860,"JACKSONVILLE CRAIG MUNICIPAL AIRPORT, FL US",FL
US1NDGF0022,"GRAND FORKS 3.9 N, ND US",ND
US1NDGF0023,"LARIMORE 0.4 SE, ND US",ND
US1SCSP0092,"WOODRUFF 5.6 WNW, SC US",SC
USC00300937,"BROCKPORT, NY US",NY
US1NYMD0016,"CHITTENANGO 2.1 ESE, NY US",NY
US1SCSP0091,"BERRY S POND 0.3 SW, SC US",SC
US1SCSP0098,"PAULINE 4.1 SSW, SC US",SC
US1SCSP0095,"BOILING SPRINGS 0.8 NNE, SC US",SC
US1FLMN0039,"ISLAMORADA 7.8 SW, FL US",FL
USW00053867,"COLUMBIA OWENS DOWNTOWN AIRPORT, SC US",SC
US1ILDP0042,"CAROL STREAM 0.3 SSE, IL US",IL
US1FLMN0044,"BIG PINE KEY 2.8 NNW, FL US",FL
USW00053871,"ROCK HILL YORK CO AIRPORT, SC US",SC
USC00112048,"CRYSTAL LAKE 4 NW, IL US",IL
US1FLMN0049,"MARATHON 1.7 ENE, FL US",FL
USC00299851,"YESO 2 S, NM US",NM
US1NDGF0014,"GRAND FORKS 3.4 SSE, ND US",ND
US1ILDP0038,"ELMHURST 0.4 SW, IL US",IL
USC00085612,"MELBOURNE WEATHER FORECAST OFFICE, FL US",FL
USC00298535,"STATE UNIVERSITY, NM US",NM
US1FLMN0053,"LOWER SUGARLOAF KEY 0.5 SW, FL US",FL
USC00303184,"GENEVA RESEARCH FARM, NY US",NY
US1FLMN0059,"KEY WEST 1.2 WSW, FL US",FL
US1FLMN0058,"ISLAMORADA 5.2 SW, FL US",FL
US1FLMN0057,"CUDJOE KEY 0.7 SE, FL US",FL
US1FLMN0052,"KEY WEST 0.4 E, FL US",FL
US1FLMN0050,"KEY LARGO 3.4 NE, FL US",FL
USC00300910,"BRISTOL HARBOUR, NY US",NY
USW00053848,"CHOCTAW NAVAL OUTLYING FIELD MILTON, FL US",FL
USW00053847,"WHITING FIELD NAS SOUTH, FL US",FL
USC00291910,"CLIFF 11 SE, NM US",NM
USC00380204,"ANTREVILLE, SC US",SC
USW00053850,"CLEMSON OCONEE CO AIRPORT, SC US",SC
USW00093033,"CAVERN CITY AIRPORT, NM US",NM
USC00504103,"JUNEAU FORECAST OFFICE, AK US",AK
USC00504107,"JUNEAU LENA POINT, AK US",AK
US1FLMN0060,"BIG PINE KEY 0.7 NW, FL US",FL
US1NMBR0465,"PARADISE HILLS 1.8 S, NM US",NM
USC00385017,"LAURENS, SC US",SC
USW00004808,"CHICAGO AURORA MUNICIPAL AIRPORT, IL US",IL
USC00309389,"WHITEHALL, NY US",NY
US1NMBR0460,"ALBUQUERQUE 3.1 SSE, NM US",NM
USC00081276,"CANAL POINT USDA, FL US",FL
USC00294112,"HOPE, NM US",NM
US1ILKN0064,"ST. CHARLES 0.1 E, IL US",IL
USS0005N13S,"PALO, NM US",NM
US1AKKP0006,"SOLDOTNA 2.3 ESE, AK US",AK
USC00115927,"MOUNT PULASKI, IL US",IL
US1FLMA0050,"PALMETTO 7.8 NE, FL US",FL
US1ILKN0067,"ST. CHARLES 6.0 NW, IL US",IL
USS0044Q07S,"UPPER CHENA, AK US",AK
US1NMBR0458,"ALBUQUERQUE 3.1 WNW, NM US",NM
USC00505464,"LAZY MOUNTAIN, AK US",AK
US1NMBR0457,"ISLETA PUEBLO 3.8 N, NM US",NM
US1NMBR0459,"TIJERAS 1.2 SW, NM US",NM
US1NMBR0454,"EDGEWOOD 4.8 W, NM US",NM
USC00387687,"SANDY SPRINGS 2 NE, SC US",SC
US1NMBR0456,"SANDIA 3.4 E, NM US",NM
US1NMBR0455,"ALBUQUERQUE 4.0 ESE, NM US",NM
USC00118194,"ST ANNE, IL US",IL
US1NMBR0450,"ALBUQUERQUE 9.9 SSW, NM US",NM
US1NMBR0452,"ALBUQUERQUE 5.4 E, NM US",NM
USC00111550,"CHICAGO NORTHERLY ISLAND, IL US",IL
USS0005N14S,"TAOS POWDERHORN, NM US",NM
USC00115917,"MOUNT OLIVE 1 E, IL US",IL
US1FLMA0038,"BRADENTON 1.4 SW, FL US",FL
USR0000ACOT,"COTTONWOOD ALASKA, AK US",AK
US1FLSM0008,"CHULUOTA 0.9 N, FL US",FL
USC00504165,"KALTAG, AK US",AK
US1NMBR0449,"ALBUQUERQUE 8.0 ESE, NM US",NM
US1NMBR0441,"ALBUQUERQUE 7.3 W, NM US",NM
US1FLSM0004,"SANFORD 0.3 ESE, FL US",FL
US1FLPK0094,"MULBERRY 0.4 SW, FL US",FL
USR0000ACOA,"COAL CREEK ALASKA, AK US",AK
US1ILJS0005,"YALE 0.1 SSW, IL US",IL
USC00299820,"WOLF CANYON, NM US",NM
US1FLPK0090,"LAKELAND 2.8 SSW, FL US",FL
USS0005N11S,"RED RIVER PASS NUMBER 2, NM US",NM
USC00115901,"MOUNT CARROLL, IL US",IL
US1FLMA0032,"THE MEADOWS 6.2 NE, FL US",FL
USS0006P10S,"SENORITA DIVIDE NUMBER 2, NM US",NM
US1NMBR0437,"TIJERAS 0.4 SE, NM US",NM
US1NMBR0432,"NORTH VALLEY 3.1 E, NM US",NM
USC00387666,"SANDHILL RESEARCH ELGIN, SC US",SC
US1NMBR0434,"ALBUQUERQUE 3.2 SSE, NM US",NM
USW00004838,"CHICAGO PALWAUKEE AIRPORT, IL US",IL
US1FLPK0087,"LAKELAND 5.8 NE, FL US",FL
US1NMBR0430,"ALBUQUERQUE 7.1 NNW, NM US",NM
US1FLPK0084,"BARTOW 1.9 NW, FL US",FL
US1FLPK0081,"AUBURNDALE 3.1 WSW, FL US",FL
US1FLMA0042,"CORTEZ 1.5 NNW, FL US",FL
US1FLMA0041,"SARASOTA 5.9 NE, FL US",FL
USC00508505,"SITKA WATER TREATMENT PLANT, AK US",AK
USR0000ATOK,"TOK RIVER VALLEY ALASKA, AK US",AK
US1FLMA0043,"DESOTO LAKES 4.2 NNE, FL US",FL
US1FLMA0017,"BRADENTON 4.9 WNW, FL US",FL
US1NMBR0428,"ALBUQUERQUE 6.9 WSW, NM US",NM
US1NMBR0427,"ALBUQUERQUE 2.7 SSE, NM US",NM
US1FLMA0018,"BRADENTON 11.0 E, FL US",FL
US1NMBR0420,"ALBUQUERQUE 7.2 W, NM US",NM
US1NMBR0422,"ALBUQUERQUE 6.0 NW, NM US",NM
USR0000ACHS,"CHISTOCHINA ALASKA, AK US",AK
USC00509869,"WISEMAN, AK US",AK
USR0000ACHT,"CHITNA ALASKA, AK US",AK
US1SCSP0011,"LYMAN 4.1 WNW, SC US",SC
US1ILKN0022,"GENEVA 1.0 SSW, IL US",IL
US1ILKN0023,"BATAVIA 1.5 WNW, IL US",IL
US1FLMA0010,"BRADENTON 10.8 SE, FL US",FL
USR0000ACHM,"CHIMNEY LAKE ALASKA, AK US",AK
USC00322304,"DRAKE 9 NE, ND US",ND
US1SCSP0010,"MOORE 4.9 NW, SC US",SC
US1NMBR0416,"ALBUQUERQUE 5.7 E, NM US",NM
US1FLMA0029,"LAKEWOOD RANCH 3.5 E, FL US",FL
USR0000ACHC,"CHICKEN CREEK ALASKA, AK US",AK
USR0000IBNR,"BEAN RIDGE ILLINOIS, IL US",IL
USR0000ACHG,"CHIGMIT MTNS ALASKA, AK US",AK
USC00085667,"MIAMI NWSFO, FL US",FL
USC00115950,"MOWEAQUA 2 S, IL US",IL
USC00086999,"PENSACOLA 7 NNE, FL US",FL
USS0005N18S,"GALLEGOS PEAK, NM US",NM
USC00114629,"KASKASKIA RIVER NAVIGATION LOCK, IL US",IL
USC00508525,"SKAGWAY, AK US",AK
US1ILKN0033,"NORTH AURORA 1.5 NE, IL US",IL
US1NMBR0407,"ALBUQUERQUE 4.0 NE, NM US",NM
US1NMBR0406,"SANDIA PARK 3.4 NE, NM US",NM
US1SCSP0043,"SPARTANBURG 3.6 WSW, SC US",SC
US1NMBR0403,"ALBUQUERQUE 3.0 ENE, NM US",NM
US1NMBR0402,"LOS RANCHOS 0.5 SE, NM US",NM
US1NMBR0404,"ALBUQUERQUE 7.8 ESE, NM US",NM
USC00324958,"LANGDON EXPERIMENTAL FARM, ND US",ND
US1NMBR0401,"ALBUQUERQUE 6.8 W, NM US",NM
USC00509891,"NORTH POLE 1 N, AK US",AK
USC00084366,"JACKSONVILLE BEACH, FL US",FL
USC00323621,"GRAND FORKS UNIVERSITY NWS, ND US",ND
USC00110251,"ARTHUR 1 W, IL US",IL
USC00296754,"PETROGLYPH NATIONAL MON, NM US",NM
US1ILKN0004,"SUGAR GROVE 0.7 NE, IL US",IL
USW00027516,"UTQIA VIK FORMERLY BARROW 4 ENE, AK US",AK
USW00027515,"NUIQSUT AIRPORT, AK US",AK
USC00115943,"MOUNT VERNON 3 NE, IL US",IL
US1FLHL0038,"SEBRING 2.7 SE, FL US",FL
US1ILKN0009,"ELGIN 1.0 S, IL US",IL
USC00083020,"FLAMINGO RANGER STATION, FL US",FL
USS0005N16S,"NORTH COSTILLA, NM US",NM
USR0000ATKL,"TOKLAT ALASKA, AK US",AK
US1SCSP0025,"SPARTANBURG 3.4 ENE, SC US",SC
US1SCSP0023,"LYMAN 5.3 WNW, SC US",SC
US1FLHL0043,"SEBRING 7.9 ESE, FL US",FL
USC00111577,"CHICAGO MIDWAY AIRPORT 3 SW, IL US",IL
USW00027502,"BARROW AIRPORT, AK US",AK
US1SCSP0028,"SPARTANBURG 5.1 WSW, SC US",SC
USC00114603,"KANKAKEE WWTP, IL US",IL
USC00508584,"SNETTISHAM POWER PLANT, AK US",AK
USC00304526,"LA FARGEVILLE 4 E, NY US",NY
US1FLES0070,"PENSACOLA 14.2 SW, FL US",FL
USS0042M01S,"MAY CREEK, AK US",AK
US1FLES0071,"PENSACOLA 0.2 SW, FL US",FL
USC00112931,"1 ENE FAIRFIELD, IL US",IL
US1NYAB0066,"ALTAMONT 3.5 NW, NY US",NY
US1NYAB0047,"DELMAR 1.0 S, NY US",NY
US1FLES0067,"CANTONMENT 5.3 NNW, FL US",FL
US1NYAB0046,"RAVENA 1.4 NNW, NY US",NY
US1FLCH0047,"HARBOUR HEIGHTS 3.0 NNW, FL US",FL
US1FLCH0046,"PORT CHARLOTTE 9.8 WSW, FL US",FL
USC00304537,"LAKE LUZERNE, NY US",NY
US1FLES0062,"PENSACOLA 12.3 SW, FL US",FL
US1NDMR0002,"HAZEN 0.4 SW, ND US",ND
USC00387722,"SANTUCK, SC US",SC
US1NYOD0070,"WHITESBORO 0.2 W, NY US",NY
US1NDMR0007,"HAZEN 0.4 ESE, ND US",ND
USC00300183,"ANGELICA, NY US",NY
USW00013802,"BELLEVILLE SIU RESEARCH, IL US",IL
US1FLCH0054,"HARBOUR HEIGHTS 2.3 NNE, FL US",FL
USR0000ACCR,"CARIBOU PEAK ALASKA, AK US",AK
USC00112923,"FAIRBURY WWTP, IL US",IL
US1FLCH0051,"PORT CHARLOTTE 0.7 WNW, FL US",FL
USW00013809,"LAWRENCEVILLE VINCENNES INTERNATIONAL AIRPORT, IL US",IL
US1FLHL0003,"LAKE PLACID 1.1 WSW, FL US",FL
USR0000ATHO,"THORNE BAY ALASKA, AK US",AK
US1FLHL0012,"SYLVAN SHORES 8.5 NE, FL US",FL
US1ILMA0036,"DECATUR 3.3 WSW, IL US",IL
US1ILMA0034,"ILLIOPOLIS 4.4 NNE, IL US",IL
USS0005N19S,"TOLBY, NM US",NM
US1ILMA0031,"DALTON CITY 2.5 NW, IL US",IL
USW00093989,"QUINCY REGIONAL AIRPORT, IL US",IL
US1ILMA0029,"OREANA 1.3 S, IL US",IL
USC00084394,"JASPER, FL US",FL
USC00118210,"ST. LIBORY, IL US",IL
USC00088756,"TALLAHASSEE AIRPORT, FL US",FL
US1ILMU0011,"SULLIVAN 1.4 ENE, IL US",IL
USC00305840,"NIAGARA FALLS, NY US",NY
USC00087429,"QUINCY 3 SSW, FL US",FL
US1ILMU0008,"LOVINGTON 4.1 NNW, IL US",IL
US1FLHL0001,"LAKE PLACID 4.8 NW, FL US",FL
US1ILMA0027,"DECATUR 3.2 SW, IL US",IL
US1NYAB0072,"COLONIE 3.6 WNW, NY US",NY
US1NYAB0076,"ALTAMONT 0.4 SE, NY US",NY
US1NYAB0077,"LATHAM 1.8 NW, NY US",NY
USC00088782,"TAMPA BAY AREA WEATHER FORECAST OFFICE, FL US",FL
US1NYRL0011,"NEW HEMPSTEAD 0.6 SE, NY US",NY
US1NDRV0004,"TOLLEY 6.4 N, ND US",ND
US1NYRL0013,"SPRING VALLEY 1.7 SSW, NY US",NY
USC00088784,"TAMPA 6 NE, FL US",FL
USC00501987,"CIRCLE HOT SPRINGS, AK US",AK
US1NYRL0008,"STONY POINT 0.7 NW, NY US",NY
USR0000ATAK,"TOK AKTAS ALASKA, AK US",AK
USR0000ATAN,"TANA KNOB ALASKA, AK US",AK
USR0000AKOY,"KOYUKUK NWR ALASKA, AK US",AK
USW00013849,"SUMTER SHAW AFB, SC US",SC
USW00013846,"TYNDALL AFB, FL US",FL
USR0000ATAH,"TAHINICHOK ALASKA, AK US",AK
USC00110306,"ATHENS 4 SW, IL US",IL
US1ILCS0003,"ARENZVILLE 5.3 NNE, IL US",IL
USW00013858,"VALPARAISO EGLIN AFB, FL US",FL
US1FLOS0037,"ST CLOUD 3.1 E, FL US",FL
US1NYER0086,"TONAWANDA 1.5 NNE, NY US",NY
USS0050L02S,"KENAI MOOSE PENS, AK US",AK
US1FLOS0031,"CAMPBELL 1.4 NNW, FL US",FL
USC00118254,"STEWARD 3 S, IL US",IL
USC00322365,"DUNN CENTER 1 E, ND US",ND
US1ILKN0095,"ELGIN 2.5 W, IL US",IL
USR0000ACAM,"CAMPBELL CREEK ALASKA, AK US",AK
US1NYER0098,"AMHERST 5.4 NNE, NY US",NY
US1SCNW0018,"NEWBERRY 2.9 S, SC US",SC
US1ILDP0132,"WHEATON 2.0 NNE, IL US",IL
US1ILJD0013,"STOCKTON 4.6 NW, IL US",IL
US1ILJD0011,"EAST DUBUQUE 1.7 SE, IL US",IL
US1ILJD0016,"GALENA 0.8 WSW, IL US",IL
US1SCCA0001,"ST. MATTHEWS 3.2 ENE, SC US",SC
US1SCNW0012,"PROSPERITY 4.7 ENE, SC US",SC
US1SCNW0011,"SILVERSTREET 5.7 WNW, SC US",SC
USR0000AKLP,"KILLIK PASS ALASKA, AK US",AK
US1SCNW0013,"NEWBERRY 1.0 N, SC US",SC
US1NYER0066,"EAST AURORA 1.0 ESE, NY US",NY
US1NYER0063,"GLENWOOD 1.5 SE, NY US",NY
USR0000AKLK,"KENAI LAKE ALASKA, AK US",AK
US1SCNW0027,"PROSPERITY 0.1 NW, SC US",SC
US1SCNW0026,"NEWBERRY 1.3 SSE, SC US",SC
US1SCNW0029,"WHITMIRE 2.3 NW, SC US",SC
USR0000AKLA,"KLAWASI ALASKA, AK US",AK
USC00385946,"MONCKS CORNER 4 N, SC US",SC
US1NYER0072,"TONAWANDA 3.1 NE, NY US",NY
USC00116446,"OLNEY 2 S, IL US",IL
USC00306314,"OSWEGO, NY US",NY
US1SCCA0019,"NORTH 8.6 ENE, SC US",SC
USC00115110,"LITTLE RED SCHOOL HOUSE, IL US",IL
US1SCNW0025,"PROSPERITY 1.9 SSE, SC US",SC
US1SCNW0024,"PROSPERITY 8.1 SSE, SC US",SC
US1NYER0077,"COLDEN 2.4 ENE, NY US",NY
US1FLLB0001,"TELOGIA 2.5 SE, FL US",FL
US1NYER0075,"ELMA CENTER 0.7 SE, NY US",NY
US1FLES0015,"GONZALEZ 2.1 E, FL US",FL
USC00388188,"SPARTANBURG 3 SSE, SC US",SC
US1NMTS0017,"RANCHOS DE TAOS 2.4 W, NM US",NM
US1ILDP0117,"ELMHURST 2.0 SE, IL US",IL
USC00089219,"VERO BEACH 4 SE, FL US",FL
USW00053874,"GREENWOOD CO AIRPORT, SC US",SC
USC00381588,"CHERAW, SC US",SC
US1SCCA0021,"ELLOREE 4.5 W, SC US",SC
US1SCNW0030,"PROSPERITY 4.0 E, SC US",SC
US1SCBM0001,"DENMARK 2.8 WNW, SC US",SC
US1ILDP0109,"ELMHURST 0.8 ESE, IL US",IL
US1ILDP0101,"AURORA 3.8 SE, IL US",IL
USC00308962,"WARSAW 6 SW, NY US",NY
USC00308961,"WARSAW 4 W, NY US",NY
US1NYER0051,"CLARENCE CENTER 0.9 N, NY US",NY
USC00113395,"GERMANTOWN HILLS, IL US",IL
US1NYER0059,"KENMORE 0.3 ESE, NY US",NY
US1SCBM0009,"DENMARK 2.0 N, SC US",SC
US1NYER0057,"KENMORE 0.8 NW, NY US",NY
US1NYER0056,"COLDEN 1.4 NNW, NY US",NY
US1NYER0054,"EAST AMHERST 1.2 WNW, NY US",NY
USC00083909,"HIALEAH, FL US",FL
US1SCSL0006,"SALUDA 3.5 ENE, SC US",SC
US1SCBM0012,"DENMARK 4.7 NNE, SC US",SC
US1FLCH0019,"PUNTA GORDA 1.4 NNW, FL US",FL
US1SCSL0009,"SALUDA 0.6 NNE, SC US",SC
USC00304566,"LAKEVILLE, NY US",NY
USC00304565,"LAKESIDE, NY US",NY
USC00304564,"LAKE VIEW 1 NE, NY US",NY
USR0000AKIA,"KIANA ALASKA, AK US",AK
USC00324180,"HETTINGER EXPERIMENTAL STATION, ND US",ND
US1NYST0045,"CORNING 2.9 N, NY US",NY
US1FLCH0023,"PUNTA GORDA 1.6 NNW, FL US",FL
US1SCSL0014,"LEESVILLE 8.0 N, SC US",SC
US1FLES0024,"PENSACOLA 18.9 WSW, FL US",FL
US1NYER0039,"HAMBURG 0.4 WSW, NY US",NY
USC00116490,"OREGON, IL US",IL
USC00304575,"LANSING MANOR, NY US",NY
USC00308932,"WALTON 2, NY US",NY
USW00093097,"ALAMOGORDO WHITE SANDS REGIONAL AIRPORT, NM US",NM
US1ILPR0004,"DUNLAP 2.6 NE, IL US",IL
US1FLES0058,"PENSACOLA 1.2 SSW, FL US",FL
US1FLCH0039,"GROVE CITY 2.8 NE, FL US",FL
US1FLES0056,"PENSACOLA 1.0 SW, FL US",FL
US1ILPR0009,"DUNLAP 2.6 S, IL US",IL
US1FLCH0036,"PORT CHARLOTTE 3.8 NE, FL US",FL
US1ILPR0008,"PEORIA 3.4 WNW, IL US",IL
US1FLCH0035,"NORTH PORT 1.2 SSE, FL US",FL
US1FLES0054,"PENSACOLA 6.4 N, FL US",FL
US1FLES0055,"PENSACOLA 12.4 WNW, FL US",FL
US1FLCH0044,"PORT CHARLOTTE 9.5 SW, FL US",FL
USC00502457,"DILLINGHAM AIRPORT, AK US",AK
US1FLCH0040,"NORTH PORT 5.4 SW, FL US",FL
US1FLCH0029,"PORT CHARLOTTE 9.3 SW, FL US",FL
USC00297180,"QUEMADO, NM US",NM
USC00325479,"MANDAN EXPERIMENTAL STATION, ND US",ND
US1NYST0041,"PAINTED POST 0.7 SSE, NY US",NY
USC00304555,"LAKE PLACID 2 S, NY US",NY
US1ILWR0007,"MONMOUTH 0.4 SE, IL US",IL
US1ILPR0020,"ELMWOOD 0.4 W, IL US",IL
USC00308910,"WALES, NY US",NY
US1ILJD0006,"HANOVER 0.2 NW, IL US",IL
USS0033J01S,"LONG LAKE, AK US",AK
US1ILJD0008,"STOCKTON 3.4 NNE, IL US",IL
US1FLCH0030,"PORT CHARLOTTE 4.0 WSW, FL US",FL
USS0047O01S,"MONAHAN FLAT, AK US",AK
US1NYER0104,"WILLIAMSVILLE 2.2 NNW, NY US",NY
US1NMLE0041,"LOVINGTON 13.2 NNE, NM US",NM
US1ILCP0126,"URBANA 2.6 ENE, IL US",IL
US1ILCP0121,"HOMER 0.6 NNW, IL US",IL
US1NYER0102,"CHEEKTOWAGA 2.7 NE, NY US",NY
USC00504899,"KLAWOCK WATER PLANT, AK US",AK
US1ILCP0122,"CHAMPAIGN 2.2 SW, IL US",IL
USC00118916,"WALNUT, IL US",IL
US1FLJK0002,"ALFORD 0.6 SSE, FL US",FL
US1NYOG0052,"SYRACUSE 2.7 S, NY US",NY
USR0000FCEN,"CENTRAL FLORIDA, FL US",FL
US1FLJK0006,"MARIANNA 0.8 NNE, FL US",FL
US1FLJK0007,"GRACEVILLE 7.0 S, FL US",FL
US1ILWN0048,"ROCKFORD 3.8 NNW, IL US",IL
US1ILWN0045,"MACHESNEY PARK 0.9 W, IL US",IL
US1ILCP0118,"SADORUS 0.2 WSW, IL US",IL
USC00309425,"WHITESVILLE 1 N, NY US",NY
USC00115876,"MORTON, IL US",IL
US1ILWN0041,"SOUTH BELOIT 1.5 ESE, IL US",IL
USC00110187,"ANNA 4 N, IL US",IL
US1ILWN0040,"ROCKFORD 4.5 WSW, IL US",IL
US1NYOG0061,"SKANEATELES 0.8 NNW, NY US",NY
USC00502227,"CRAIG, AK US",AK
US1ILCP0111,"CHAMPAIGN 0.6 NNE, IL US",IL
US1ILCP0112,"MAHOMET 5.5 NE, IL US",IL
US1NMTS0061,"TAOS 3.0 NNW, NM US",NM
US1ILCP0150,"URBANA 1.9 ENE, IL US",IL
USC00323705,"GRASSY BUTTE 2 ENE, ND US",ND
US1NMLE0026,"MONUMENT 1.2 W, NM US",NM
USC00381625,"CHESNEE 7 WSW, SC US",SC
US1ILDP0198,"WOODRIDGE 0.3 SW, IL US",IL
USC00306376,"PALERMO 2 SSE, NY US",NY
US1ILCP0148,"CHAMPAIGN 2.2 SSE, IL US",IL
US1ILCP0149,"RANTOUL 1.4 NNE, IL US",IL
USR0000FCHE,"CHEKIKA FLORIDA, FL US",FL
USC00114530,"JOLIET BRANDON ROAD LOCK DAM, IL US",IL
US1ILCP0143,"CHAMPAIGN 0.3 NNE, IL US",IL
US1ILCP0140,"MANSFIELD 3.2 NE, IL US",IL
US1ILCP0147,"CHAMPAIGN 2.6 WNW, IL US",IL
US1NMLE0037,"TATUM 0.9 E, NM US",NM
USS0008N03S,"NAVAJO WHISKEY CK, NM US",NM
US1ILDP0189,"DOWNERS GROVE 1.8 SSE, IL US",IL
US1ILDP0187,"LOMBARD 0.2 N, IL US",IL
US1ILCP0139,"MAHOMET 1.6 E, IL US",IL
USC00111491,"CHESTER, IL US",IL
US1ILCP0137,"ST. JOSEPH 1.1 ENE, IL US",IL
USS0046M04S,"SUGARLOAF MOUNTAIN, AK US",AK
US1ILCP0138,"MAHOMET 1.0 NW, IL US",IL
US1NYOG0046,"BALDWINSVILLE 3.5 NE, NY US",NY
US1ILDP0190,"ROSELLE 1.0 SE, IL US",IL
US1ILCP0132,"URBANA 2.4 SSE, IL US",IL
US1ILCP0135,"URBANA 2.2 SE, IL US",IL
US1ILCP0133,"URBANA 0.9 WSW, IL US",IL
US1ILDP0178,"VILLA PARK 0.8 ESE, IL US",IL
US1ILDP0177,"WINFIELD 0.8 ENE, IL US",IL
US1ILDP0176,"WINFIELD 0.6 SSW, IL US",IL
USC00381645,"CHESTERFIELD 3 E, SC US",SC
US1ILDP0184,"WHEATON 0.8 WNW, IL US",IL
US1NYSL0021,"HEUVELTON 0.3 WNW, NY US",NY
USC00113262,"FREEPORT WASTEWATER PLANT, IL US",IL
US1ILCP0165,"CHAMPAIGN 2.3 SSE, IL US",IL
US1ILCP0163,"MAHOMET 0.5 NNW, IL US",IL
US1ILCP0169,"URBANA 0.9 SSE, IL US",IL
US1ILCP0167,"URBANA 1.8 S, IL US",IL
US1NMTS0024,"TAOS 4.3 NNW, NM US",NM
US1NMTS0027,"TAOS 1.6 SE, NM US",NM
USR0000FCAC,"CACHE FLORIDA, FL US",FL
US1ILJK0031,"CARBONDALE 0.7 W, IL US",IL
USR0000AMCK,"MCKINLEY RIVER ALASKA, AK US",AK
USC00381633,"CHESTER 1 SE, SC US",SC
US1ILJK0033,"CARBONDALE 1.7 ESE, IL US",IL
US1ILCP0159,"RANTOUL 1.2 NE, IL US",IL
US1ILJK0038,"CARBONDALE 6.2 S, IL US",IL
US1ILCP0154,"URBANA 0.3 SE, IL US",IL
US1ILCP0151,"URBANA 0.5 W, IL US",IL
US1ILJK0035,"MURPHYSBORO 0.2 NE, IL US",IL
USR0000NSHR,"SHERBURNE NEW YORK, NY US",NY
US1NMTS0056,"CHAMISAL 4.7 SSE, NM US",NM
US1NYOG0070,"SKANEATELES 9.1 SE, NY US",NY
US1NMTS0054,"TAOS 19.1 W, NM US",NM
US1NMTS0059,"SAN CRISTOBAL 0.1 NE, NM US",NM
US1ILDP0157,"WEST CHICAGO 3.5 NNE, IL US",IL
US1NDMN0005,"ROSS 0.3 SE, ND US",ND
US1NMUN0003,"CLAYTON 14.6 SSW, NM US",NM
USC00118932,"WALTONVILLE, IL US",IL
US1ILDP0161,"WHEATON 1.2 NNW, IL US",IL
US1NYOG0079,"SYRACUSE 4.2 SSW, NY US",NY
US1NMUN0009,"FOLSOM 10.5 ENE, NM US",NM
US1NYSL0006,"HANNAWA FALLS 0.1 SW, NY US",NY
US1ILJK0024,"CARBONDALE 1.2 W, IL US",IL
US1ILJK0025,"CARBONDALE 3.7 S, IL US",IL
US1NMTS0045,"ARROYO HONDO 2.5 E, NM US",NM
US1NYOG0080,"CAMILLUS 2.3 SSE, NY US",NY
USC00320626,"BELCOURT KEYA RADIO, ND US",ND
US1ILDP0141,"GLEN ELLYN 1.1 WSW, IL US",IL
US1ILDP0150,"BLOOMINGDALE 1.2 ESE, IL US",IL
US1ILJK0019,"MURPHYSBORO 2.8 NNE, IL US",IL
US1ILJK0013,"CARBONDALE 2.5 W, IL US",IL
US1ILJK0014,"DE SOTO 0.3 ESE, IL US",IL
US1ILDW0008,"FARMER CITY 2.6 WSW, IL US",IL
USW00013880,"CHARLESTON INTL. AIRPORT, SC US",SC
US1ILDW0007,"CLINTON 0.4 WSW, IL US",IL
US1SCCL0016,"COTTAGEVILLE 5.8 WSW, SC US",SC
US1SCCL0017,"COTTAGEVILLE 3.1 NNW, SC US",SC
US1NMUN0020,"CLAYTON 2.3 ENE, NM US",NM
US1NMUN0022,"CLAYTON 1.1 W, NM US",NM
USW00013886,"GREENVILLE DOWNTOWN AIRPORT, SC US",SC
USW00013884,"CRESTVIEW FAA AP, FL US",FL
US1NDRC0008,"ABERCROMBIE 0.2 NW, ND US",ND
USW00013883,"COLUMBIA METROPOLITAN AIRPORT, SC US",SC
US1NMUN0025,"CLAYTON 12.4 SSW, NM US",NM
US1NDRC0014,"WAHPETON 1.0 SSE, ND US",ND
USC00111447,"CHATSWORTH, IL US",IL
US1SCCL0009,"LODGE 3.4 SW, SC US",SC
US1SCCL0005,"SMOAKS 0.1 ESE, SC US",SC
USC00294009,"HILLSBORO, NM US",NM
US1NMUN0010,"CLAYTON 13.7 N, NM US",NM
US1NDRC0018,"WAHPETON 4.3 SSW, ND US",ND
US1NMUN0014,"GRENVILLE 7.2 ENE, NM US",NM
US1NMUN0017,"AMISTAD 8.5 WSW, NM US",NM
US1NMUN0016,"AMISTAD 7.7 SW, NM US",NM
USW00013889,"JACKSONVILLE INTERNATIONAL AIRPORT, FL US",FL
USC00111436,"CHARLESTON, IL US",IL
US1SCCL0003,"WALTERBORO 3.0 NNW, SC US",SC
US1SCAB0020,"DUE WEST 0.6 NE, SC US",SC
US1ILME0012,"PETERSBURG 0.2 W, IL US",IL
US1SCCL0037,"WALTERBORO 7.4 NNE, SC US",SC
US1SCCL0039,"EDISTO BEACH 0.7 NE, SC US",SC
USS0051K05S,"ANCHOR RIVER DIVIDE, AK US",AK
USC00085539,"MAYO, FL US",FL
USC00296676,"PECOS NATIONAL MONUMENT, NM US",NM
USS0005N23S,"SHUREE, NM US",NM
US1ILME0013,"TALLULA 3.0 WSW, IL US",IL
US1SCCL0031,"EDISTO BEACH 1.2 WSW, SC US",SC
USC00309499,"WILMINGTON 2 W, NY US",NY
USC00296687,"PEDERNAL 9 E, NM US",NM
USR0000AMAN,"MANCHU ALASKA, AK US",AK
USC00294028,"HOBBS FAA, NM US",NM
USS0005N24S,"RIO SANTA BARBARA, NM US",NM
USC00112745,"ELIZABETH, IL US",IL
US1ILME0002,"PETERSBURG 1.3 N, IL US",IL
USC00308132,"SPRINGVILLE 5 NE, NY US",NY
US1ILVR0030,"DANVILLE 0.7 NNW, IL US",IL
USC00296619,"PASAMONTE, NM US",NM
US1ILVR0033,"DANVILLE 4.2 NW, IL US",IL
USC00115841,"MORRISONVILLE, IL US",IL
US1ILWN0010,"NEW MILLFORD 3.3 W, IL US",IL
US1NMDA0412,"LAS CRUCES 2.4 SW, NM US",NM
US1ILVR0038,"DANVILLE 3.1 NNW, IL US",IL
USR0000NSAR,"SARA NEW YORK, NY US",NY
US1ILVR0035,"GEORGETOWN 0.5 NNW, IL US",IL
USC00509747,"WALLY NOERENBERG HATCHERY, AK US",AK
US1NMDA0418,"LAS CRUCES 1.6 W, NM US",NM
USC00292250,"CUBERO, NM US",NM
US1ILVR0044,"DANVILLE 2.5 E, IL US",IL
US1ILVR0045,"FITHIAN 2.6 ESE, IL US",IL
US1ILVR0042,"FITHIAN 0.6 NNW, IL US",IL
US1NMDA0401,"LAS CRUCES 2.0 NE, NM US",NM
US1ILVR0048,"DANVILLE 1.1 WNW, IL US",IL
US1ILVR0046,"COLLISON 2.0 SE, IL US",IL
USC00110146,"AMBOY WATER, IL US",IL
USC00115833,"MORRISON, IL US",IL
US1NMDA0407,"LAS CRUCES 2.1 NNW, NM US",NM
USC00293592,"GOLDEN, NM US",NM
US1NMLA0007,"LOS ALAMOS 6.1 SE, NM US",NM
US1FLPS0094,"ZEPHYRHILLS 1.6 NW, FL US",FL
USC00309442,"WHITNEY POINT DAM, NY US",NY
US1ILCP0104,"HOMER 2.0 NW, IL US",IL
US1ILCH0002,"HARDIN 3.9 S, IL US",IL
US1SCAB0016,"IVA 6.4 SSW, SC US",SC
US1ILVR0014,"DANVILLE 0.6 NW, IL US",IL
US1ILCP0109,"SAVOY 0.6 SSE, IL US",IL
USC00110137,"ALTON MELVIN PRICE LOCK AND DAM, IL US",IL
US1SCAB0011,"ABBEVILLE 4.1 N, SC US",SC
USC00508437,"SHISHMAREF, AK US",AK
US1ILCP0103,"CHAMPAIGN 0.3 NNW, IL US",IL
US1AKSF0006,"DELTA JUNCTION 9.8 SE, AK US",AK
USR0000NSCK,"SAND CREEK NORTH DAKOTA, ND US",ND
USC00115825,"MORRIS 1 NW, IL US",IL
US1NMLA0018,"LOS ALAMOS 2.5 WSW, NM US",NM
USR0000NSCH,"SCHROON LAKE NEW YORK, NY US",NY
US1FLPS0081,"DADE CITY 5.1 W, FL US",FL
US1NMLA0015,"LOS ALAMOS 7.1 SE, NM US",NM
US1FLPS0084,"ZEPHYRHILLS 2.0 SSE, FL US",FL
US1NMLA0010,"WHITE ROCK 1.5 NNE, NM US",NM
US1FLPS0088,"LAND O LAKES 3.0 WNW, FL US",FL
US1FLPS0089,"NEW PORT RICHEY 4.7 S, FL US",FL
US1AKHB0002,"HAINES 0.5 NNE, AK US",AK
US1ILVR0025,"HOOPESTON 0.6 E, IL US",IL
USR0000AUMI,"UMIAT AIRFIELD ALASKA, AK US",AK
USC00509793,"WHITESTONE FARMS, AK US",AK
US1FLPK0039,"BARTOW 7.8 SE, FL US",FL
USC00509798,"WHITE MOUNTAIN, AK US",AK
US1FLPK0035,"FROSTPROOF 4.6 SW, FL US",FL
USC00088620,"STUART, FL US",FL
USC00115097,"LISLE MORTON ARBORETUM, IL US",IL
US1FLPK0032,"LAKELAND 5.3 WNW, FL US",FL
US1SCPC0034,"SIX MILE 3.5 W, SC US",SC
US1SCPC0038,"SUNSET 2.9 W, SC US",SC
USR0000FSUM,"SUMATRA FLORIDA, FL US",FL
USC00328608,"SYKESTON, ND US",ND
US1FLSM0053,"WINTER SPRINGS 0.8 ESE, FL US",FL
US1FLSM0055,"OVIEDO 3.2 NNE, FL US",FL
US1FLSM0057,"CHULUOTA 2.4 SE, FL US",FL
USC00303322,"GLOVERSVILLE 7 NW PECK LAKE, NY US",NY
USS0005P04S,"ELK CABIN, NM US",NM
US1SCPC0022,"SUNSET 0.5 NW, SC US",SC
US1ILVR0004,"HENNING 3.4 SSE, IL US",IL
USC00115079,"LINCOLN, IL US",IL
US1FLSM0050,"LONGWOOD 1.5 N, FL US",FL
USR0000ADEN,"DENALI VISITOR CENTER ALASKA, AK US",AK
USC00084289,"INVERNESS 3 SE, FL US",FL
US1SCPC0017,"CLEMSON 0.8 NE, SC US",SC
USC00087304,"PORT SALERNO 5 W, FL US",FL
USC00292241,"CUBA, NM US",NM
US1SCPC0001,"PICKENS 6.9 W, SC US",SC
USC00387829,"SHARON 6 SSW, SC US",SC
US1SCPC0005,"PICKENS 1.5 WSW, SC US",SC
US1FLSM0027,"ALTAMONTE SPRINGS 1.4 SE, FL US",FL
US1FLPK0078,"LOUGHMAN 2.0 ESE, FL US",FL
US1SCPC0070,"EASLEY 4.8 NNE, SC US",SC
US1FLPK0076,"AUBURNDALE 2.4 NNE, FL US",FL
US1FLSM0026,"ALTAMONTE SPRINGS 1.5 N, FL US",FL
USC00301580,"CLYDE LOCK 26, NY US",NY
US1SCPC0076,"CENTRAL 1.9 WSW, SC US",SC
US1FLPK0071,"WINTER HAVEN 6.1 SW, FL US",FL
US1NYNS0065,"MASSAPEQUA 1.1 SE, NY US",NY
US1FLSM0018,"SANFORD 1.9 WNW, FL US",FL
US1NYNS0066,"MANHASSET HILLS 0.2 NNE, NY US",NY
USC00119480,"WOODSTOCK 5 NW, IL US",IL
USR0000AUCR,"UPPER CHARLEY RIVER ALASKA, AK US",AK
US1SCPC0064,"SIX MILE 2.1 NE, SC US",SC
US1SCPC0066,"SUNSET 1.8 NW, SC US",SC
US1NYNS0070,"BELLMORE 0.9 SSE, NY US",NY
US1NYNS0071,"HICKSVILLE 1.4 SSE, NY US",NY
USS0005P08S,"WESNER SPRINGS, NM US",NM
US1FLSM0049,"WINTER SPRINGS 0.6 E, FL US",FL
US1FLLN0084,"TALLAHASSEE 5.0 E, FL US",FL
US1FLLN0081,"TALLAHASSEE 10.6 ENE, FL US",FL
US1FLLN0082,"TALLAHASSEE 2.5 SSE, FL US",FL
US1NYNS0034,"WANTAGH 0.3 ESE, NY US",NY
US1FLLN0080,"TALLAHASSEE 4.7 ENE, FL US",FL
USR0000FSTM,"ST. MARKS EAST FLORIDA, FL US",FL
US1FLLN0089,"TALLAHASSEE 7.6 NNE, FL US",FL
US1FLSM0043,"WINTER SPRINGS 0.6 S, FL US",FL
USC00300220,"ARCADE, NY US",NY
US1FLSM0047,"SANFORD 2.5 W, FL US",FL
USC00386527,"ORANGEBURG 2, SC US",SC
US1SCPC0056,"LIBERTY 3.7 WNW, SC US",SC
US1SCPC0057,"SUNSET 3.3 N, SC US",SC
US1FLDS0003,"LAKE SUZY 1.0 W, FL US",FL
US1FLSM0039,"LONGWOOD 2.8 NW, FL US",FL
US1NYNS0042,"ALBERTSON 0.2 SSE, NY US",NY
US1FLSM0038,"WINTER SPRINGS 1.8 SSE, FL US",FL
US1NYNS0046,"MASSAPEQUA PARK 1.2 N, NY US",NY
USC00385200,"LITTLE MOUNTAIN, SC US",SC
US1FLSM0030,"WINTER SPRINGS 2.3 E, FL US",FL
US1FLSM0035,"CASSELBERRY 2.3 ESE, FL US",FL
US1FLSM0034,"OVIEDO 2.1 N, FL US",FL
US1FLSM0037,"CHULUOTA 0.6 WSW, FL US",FL
USC00293530,"GILA HOT SPRINGS, NM US",NM
USC00294862,"LAS VEGAS WASTE WATER PLANT, NM US",NM
US1NYSH0018,"CHARLOTTEVILLE 0.2 ENE, NY US",NY
USC00305925,"NORTH CREEK 5 SE, NY US",NY
US1ILCP0093,"CHAMPAIGN 2.2 S, IL US",IL
US1ILMCH115,"MCHENRY 3.8 ENE, IL US",IL
USR0000FBLO,"BLOXHAM FLORIDA, FL US",FL
USC00086048,"MUSE, FL US",FL
USC00503605,"HIDDEN FALLS HATCHERY, AK US",AK
USR0000NARR,"ARROWWOOD 2 NORTH DAKOTA, ND US",ND
US1NYER0189,"HAMBURG 2.0 N, NY US",NY
US1ILCP0089,"CHAMPAIGN 0.3 ESE, IL US",IL
US1ILCP0080,"HOMER 2.0 WSW, IL US",IL
USR0000NJCL,"J. CLARK SALYER NORTH DAKOTA, ND US",ND
US1ILCP0082,"SAVOY 0.9 N, IL US",IL
US1NMHD0041,"RODEO 0.7 E, NM US",NM
US1NYER0194,"GLENWOOD 1.0 SE, NY US",NY
USS0046P01S,"MUNSON RIDGE, AK US",AK
USC00080737,"BIG CYPRESS, FL US",FL
USC00086065,"MYAKKA RIVER ST PK, FL US",FL
USC00113290,"FULTON LOCK AND DAM NUMBER 13, IL US",IL
USC00326015,"MOFFIT 3 SE, ND US",ND
US1NMHD0038,"ANIMAS 0.8 E, NM US",NM
US1NYER0166,"BOSTON 2.5 NE, NY US",NY
USS0005P09S,"SANTA FE, NM US",NM
US1NMHD0020,"LORDSBURG 8.3 NW, NM US",NM
USC00307750,"SILVER CREEK, NY US",NY
USC00307742,"SHRUB OAK, NY US",NY
USC00117636,"SALEM, IL US",IL
US1NMHD0024,"RODEO 1.4 E, NM US",NM
USC00307749,"SILVER SPRINGS 3 N, NY US",NY
US1NMRA0022,"ESPA OLA 5.4 WNW, NM US",NM
US1NMRA0028,"YOUNGSVILLE 5.4 NE, NM US",NM
USC00304684,"LE ROY 1 E, NY US",NY
US1NYOG0010,"CAMILLUS 1.0 W, NY US",NY
US1NYOG0012,"CLAY 4.6 NW, NY US",NY
USC00299686,"WHITE SANDS NATIONAL MON., NM US",NM
USC00086078,"NAPLES, FL US",FL
USC00302036,"DELHI 2 SE, NY US",NY
USC00327311,"PRETTY ROCK, ND US",ND
US1NYOG0028,"BREWERTON 1.5 ESE, NY US",NY
US1NYER0150,"EDEN 1.4 SSE, NY US",NY
US1NMRA0040,"TRUCHAS 1.4 ESE, NM US",NM
US1NYER0158,"EAST AURORA 2.7 SSE, NY US",NY
USC00299691,"WHITE SIGNAL, NM US",NM
US1NYER0151,"CLARENCE CENTER 0.2 ESE, NY US",NY
USR0000ALMI,"LAKE MINCHUMINA ALASKA, AK US",AK
US1NMRA0007,"ALCALDE 19 N, NM US",NM
US1NMRA0001,"ALCALDE 5.9 NE, NM US",NM
US1NYER0122,"CHEEKTOWAGA 2.4 NW, NY US",NY
USC00086092,"NETTLES ISLAND, FL US",FL
US1ILMCH108,"SPRING GROVE 1.2 ESE, IL US",IL
USC00290426,"ANTELOPE WELLS, NM US",NM
USC00504991,"KODIAK WWTP, AK US",AK
USR0000ICBO,"CRAB ORCHARD ILLINOIS, IL US",IL
US1ILMCH103,"HARVARD 4.4 NNE, IL US",IL
US1NYER0138,"EAST AURORA 3.4 NNE, NY US",NY
USC00089120,"USHER TOWER, FL US",FL
US1ILMCH101,"CRYSTAL LAKE 1.9 SW, IL US",IL
USC00303346,"GOUVERNEUR 3 NW, NY US",NY
USC00383433,"GASTON SHOALS, SC US",SC
USC00116344,"OGDEN, IL US",IL
USC00307705,"SHERBURNE, NY US",NY
USC00298387,"SOCORRO, NM US",NM
US1ILWF0027,"METAMORA 1.1 WNW, IL US",IL
US1NDRL0007,"DUNSEITH 7.4 N, ND US",ND
US1ILWF0028,"EAST PEORIA 6.9 NNE, IL US",IL
US1ILWF0025,"CAZENOVIA 1.0 ESE, IL US",IL
US1ILOG0016,"ROCHELLE 5.1 WNW, IL US",IL
US1NYAL0011,"WELLSVILLE 2.4 ENE, NY US",NY
US1ILWF0024,"METAMORA 6.4 W, IL US",IL
US1FLHB0187,"RUSKIN 6.2 ENE, FL US",FL
USC00110082,"ALEXIS 1 SW, IL US",IL
USC00115763,"MONEE, IL US",IL
USC00110072,"ALEDO, IL US",IL
US1FLHB0181,"RUSKIN 3.9 ENE, FL US",FL
US1SCYR0026,"ROCK HILL 3.1 N, SC US",SC
US1FLHB0183,"SUN CITY CENTER 0.5 ENE, FL US",FL
US1FLHB0182,"PLANT CITY 1.2 SW, FL US",FL
US1SCYR0029,"ROCK HILL 5.8 WNW, SC US",SC
US1FLCR0013,"NAPLES PARK 3.7 ENE, FL US",FL
USC00113107,"FLORA 2, IL US",IL
US1NMSN0089,"JEMEZ PUEBLO 5.7 NNW, NM US",NM
USC00113106,"FLORA, IL US",IL
USR0000SWHI,"WHITMIRE SOUTH CAROLINA, SC US",SC
US1FLCR0012,"NAPLES 5.7 SE, FL US",FL
USC00115768,"MONMOUTH, IL US",IL
US1ILCP0001,"HOMER 2.0 N, IL US",IL
US1SCRC0041,"BLYTHEWOOD 1.0 W, SC US",SC
US1SCRC0050,"BLYTHEWOOD 3.8 ENE, SC US",SC
US1NYAL0002,"WEST ALMOND 3.6 SW, NY US",NY
US1NMBR0299,"EDGEWOOD 9.9 SSW, NM US",NM
US1SCDC0097,"SUMMERVILLE 5.0 WSW, SC US",SC
US1SCYR0047,"ROCK HILL 4.8 SSW, SC US",SC
US1SCYR0040,"ROCK HILL 5.8 WNW, SC US",SC
USC00298326,"SILVER CITY 3 N, NM US",NM
US1NMSN0070,"RIO RANCHO 2.2 SSE, NM US",NM
US1FLHB0191,"SEFFNER 2.1 S, FL US",FL
US1SCYR0038,"TEGA CAY 0.5 NE, SC US",SC
USR0000AJAR,"JARVIS CREEK ALASKA, AK US",AK
USW00026438,"SEWARD AIRPORT, AK US",AK
US1NYMR0023,"ROCHESTER 5.0 WNW, NY US",NY
US1NMSN0076,"CORRALES 1.3 ENE, NM US",NM
USW00026435,"NENANA MUNICIPAL AIRPORT, AK US",AK
US1NMSN0074,"RIO RANCHO 4.1 WSW, NM US",NM
US1NYMR0021,"PITTSFORD 4.0 SSE, NY US",NY
US1NYDT0008,"MILLBROOK 3.2 SE, NY US",NY
US1FLHB0162,"BRANDON 2.8 N, FL US",FL
US1NYES0013,"WILMINGTON 3.0 NNE, NY US",NY
US1SCDC0086,"SUMMERVILLE 1.7 SSE, SC US",SC
US1NMBR0284,"ALBUQUERQUE 4.3 SSW, NM US",NM
US1FLHB0166,"RIVERVIEW 2.1 WNW, FL US",FL
USC00080598,"BELL 4 NW, FL US",FL
US1FLHB0168,"CARROLLWOOD VILLAGE 2.3 W, FL US",FL
US1NMBR0292,"ALBUQUERQUE 5.5 S, NM US",NM
US1ILCP0028,"CHAMPAIGN 1.3 SSW, IL US",IL
USR0000AASI,"ASIK ALASKA, AK US",AK
USC00297008,"PORTALES, NM US",NM
USC00111386,"CENTRALIA, IL US",IL
US1FLHB0160,"VALRICO 1.6 NNW, FL US",FL
US1SCDC0093,"SUMMERVILLE 2.7 WNW, SC US",SC
US1ILCP0021,"BROADLANDS 0.1 SSW, IL US",IL
US1AKPW0001,"EDNA BAY 1.3 E, AK US",AK
US1NYMR0015,"BROCKPORT 0.6 WNW, NY US",NY
US1SCFL0012,"COWARD 5.1 NNW, SC US",SC
US1SCFL0013,"FLORENCE 2.1 SW, SC US",SC
US1SCYR0061,"LAKE WYLIE 2.4 NNW, SC US",SC
US1ILWF0016,"CONGERVILLE 0.6 WSW, IL US",IL
US1ILWF0014,"EL PASO 5.2 NNW, IL US",IL
US1SCYR0068,"TEGA CAY 1.0 WSW, SC US",SC
US1SCDC0076,"SUMMERVILLE 1.9 SSW, SC US",SC
US1SCYR0069,"ROCK HILL 3.4 WNW, SC US",SC
US1SCDC0075,"SUMMERVILLE 0.2 N, SC US",SC
US1SCYR0062,"ROCK HILL 1.9 ENE, SC US",SC
US1NMBR0273,"CEDAR CREST 0.5 NNW, NM US",NM
US1FLHB0177,"PLANT CITY 3.9 SE, FL US",FL
US1SCYR0064,"FORT MILL 2.3 W, SC US",SC
US1NMBR0276,"ALBUQUERQUE 2.6 E, NM US",NM
US1NYES0009,"KEENE VALLEY 2.5 NE, NY US",NY
US1NMSN0093,"RIO RANCHO 4.0 WNW, NM US",NM
US1NMSN0092,"PLACITAS 2.0 E, NM US",NM
US1NMSN0091,"SANDIA PARK 4.2 NNE, NM US",NM
USW00026451,"ANCHORAGE TED STEVENS INTERNATIONAL AIRPORT, AK US",AK
US1SCYR0059,"FORT MILL 4.7 SE, SC US",SC
US1NYES0005,"SCHROON LAKE 3.5 SW, NY US",NY
US1NYES0006,"OLMSTEDVILLE 4.6 NNE, NY US",NY
US1NDSK0012,"DICKINSON 1.3 WNW, ND US",ND
US1SCFL0025,"FLORENCE 1.2 NNE, SC US",SC
US1AKPW0011,"METLAKATLA 0.5 SSE, AK US",AK
US1SCFL0027,"FLORENCE 8.2 NE, SC US",SC
US1AKPW0013,"METLAKATLA 5.4 S, AK US",AK
US1NMSN0099,"SANDIA PARK 5.0 NNE, NM US",NM
US1ILCP0012,"URBANA 0.1 SSE, IL US",IL
US1SCRC0030,"HOPKINS 3.9 NNE, SC US",SC
US1NYMR0084,"FAIRPORT 0.9 W, NY US",NY
US1ILCP0050,"SAVOY 2.6 WSW, IL US",IL
US1NMBR0267,"ALBUQUERQUE 6.3 NNW, NM US",NM
US1SCDC0067,"SUMMERVILLE 5.3 SE, SC US",SC
US1NMBR0266,"EDGEWOOD 11.4 SSW, NM US",NM
US1NDWR0020,"MINOT 1.6 SSW, ND US",ND
US1NYDT0029,"POUGHKEEPSIE 5.3 S, NY US",NY
US1NMBR0268,"ALBUQUERQUE 8.1 ENE, NM US",NM
US1NMBR0262,"ALBUQUERQUE 3.4 W, NM US",NM
US1NDWR0024,"BERTHOLD 3.5 SSE, ND US",ND
US1NYDT0024,"RED HOOK 1.2 NNE, NY US",NY
US1NMBR0265,"ALBUQUERQUE 2.7 W, NM US",NM
US1SCDC0069,"RIDGEVILLE 3.2 WSW, SC US",SC
US1NMBR0270,"TIJERAS 10.1 SSE, NM US",NM
US1NYDT0023,"BEACON 0.7 SE, NY US",NY
US1SCKR0050,"CASSATT 3.6 NW, SC US",SC
US1SCKR0051,"CAMDEN 2.1 N, SC US",SC
US1SCKR0054,"CAMDEN 1.2 ENE, SC US",SC
US1NMSN0045,"PLACITAS 3.8 ENE, NM US",NM
US1SCKR0055,"LUGOFF 8.7 SSW, SC US",SC
US1SCRC0001,"DENTSVILLE 6.6 NNE, SC US",SC
US1SCKR0056,"LUGOFF 8.8 SSW, SC US",SC
US1SCKR0057,"LUGOFF 2.0 W, SC US",SC
US1NMSN0041,"RIO RANCHO 4.5 ENE, NM US",NM
US1SCFL0007,"FLORENCE 2.6 S, SC US",SC
US1NMSN0039,"RIO RANCHO 3.3 ENE, NM US",NM
US1NMBR0259,"ALBUQUERQUE 4.9 ESE, NM US",NM
US1NMSN0038,"CORRALES 1.1 SSE, NM US",NM
US1SCFL0009,"EFFINGHAM 2.2 W, SC US",SC
US1NMBR0256,"ALBUQUERQUE 4.8 ESE, NM US",NM
US1SCDC0056,"SUMMERVILLE 3.2 WNW, SC US",SC
USC00306480,"PENDLETON 1 NE, NY US",NY
US1NMBR0255,"ALBUQUERQUE 7.4 E, NM US",NM
US1SCDC0055,"SUMMERVILLE 5.7 SSE, SC US",SC
US1SCYR0003,"LAKE WYLIE 2.3 SW, SC US",SC
US1NMBR0252,"ALBUQUERQUE 2.0 NW, NM US",NM
US1SCDC0057,"NORTH CHARLESTON 4.4 W, SC US",SC
US1NYDT0012,"LAGRANGEVILLE 3.1 NE, NY US",NY
USC00113132,"FORRESTON, IL US",IL
US1SCDC0062,"SUMMERVILLE 2.1 WSW, SC US",SC
US1SCRC0012,"COLUMBIA 6.7 N, SC US",SC
US1SCFL0006,"FLORENCE 5.1 W, SC US",SC
USW00064758,"ITHACA 13 E, NY US",NY
US1SCKR0047,"CASSATT 0.1 NE, SC US",SC
US1ILCP0037,"SIDNEY 0.9 N, IL US",IL
USW00064756,"MILLBROOK 3 W, NY US",NY
US1SCKR0048,"CAMDEN 2.2 NNW, SC US",SC
US1NYMR0065,"SCOTTSVILLE 0.4 NW, NY US",NY
US1ILCP0072,"HOMER 2.1 NNE, IL US",IL
US1NMBR0249,"SANDIA PARK 3.9 E, NM US",NM
US1NMBR0248,"ALBUQUERQUE 6.1 NW, NM US",NM
US1NMSN0069,"RIO RANCHO 2.3 SW, NM US",NM
US1SCYR0013,"TEGA CAY 1.6 ESE, SC US",SC
US1SCDC0042,"SUMMERVILLE 4.8 WSW, SC US",SC
USC00307780,"SKANEATELES, NY US",NY
US1NYDT0049,"POUGHKEEPSIE 3.3 E, NY US",NY
US1NMHR0008,"ROY 22.1 ENE, NM US",NM
US1SCYR0010,"YORK 1.8 ESE, SC US",SC
US1NMHR0010,"ROY 2.1 NNE, NM US",NM
USC00113120,"FORT MASSAC STATE PARK, IL US",IL
US1SCYR0006,"YORK 6.3 E, SC US",SC
US1SCYR0007,"ROCK HILL 4.1 WNW, SC US",SC
US1NYMR0055,"HONEOYE FALLS 1.7 NE, NY US",NY
US1NMSN0062,"RIO RANCHO 3.0 WSW, NM US",NM
US1NYMR0050,"WEBSTER 3.0 W, NY US",NY
US1NMBR0238,"ALBUQUERQUE 3.4 SE, NM US",NM
US1ILCP0062,"CHAMPAIGN 2.5 S, IL US",IL
US1NMBR0239,"ALBUQUERQUE 5.0 ESE, NM US",NM
US1NMBR0233,"TIJERAS 7.8 SSE, NM US",NM
USC00380448,"BAMBERG, SC US",SC
US1NYDT0035,"PLEASANT VALLEY 1.7 S, NY US",NY
US1SCYR0020,"SHARON 10.4 SSW, SC US",SC
USC00306465,"PAVILION 2, NY US",NY
USC00114442,"JACKSONVILLE 2 E, IL US",IL
US1NYDT0034,"HOPEWELL JUNCTION 2.8 NE, NY US",NY
USR0000AROU,"ROUND LAKE ALASKA, AK US",AK
USW00026494,"FAIRBANKS 11 NE, AK US",AK
US1NYDT0032,"MILLBROOK 2.5 NE, NY US",NY
USR0000AANG,"ANGEL CREEK ALASKA, AK US",AK
USW00026492,"PORTAGE GLACIER VISITOR CENTER, AK US",AK
USC00115772,"MONMOUTH 4 NW, IL US",IL
USC00381770,"CLEMSON UNIVERSITY, SC US",SC
USW00026491,"ANCHORAGE LAKE HOOD SEA PLANE BASE, AK US",AK
USC00114447,"JACKSONVILLE 2, IL US",IL
US1NMSN0054,"RIO RANCHO 2.5 E, NM US",NM
US1ILCP0058,"URBANA 0.9 SSE, IL US",IL
US1NMSN0053,"RIO RANCHO 4.5 ENE, NM US",NM
US1ILCP0059,"MAHOMET 1.7 NNE, IL US",IL
US1NMSN0052,"RIO RANCHO 1.5 ENE, NM US",NM
US1NMBR0226,"ALBUQUERQUE 2.2 SSE, NM US",NM
USC00300321,"AUBURN, NY US",NY
US1SCDR0047,"HARTSVILLE 3.6 W, SC US",SC
US1NMBR0224,"ALBUQUERQUE 4.5 E, NM US",NM
US1SCDR0046,"DARLINGTON 7.5 SSW, SC US",SC
US1SCDR0043,"HARTSVILLE 0.9 W, SC US",SC
US1NMBR0220,"ALBUQUERQUE 6.6 E, NM US",NM
USC00111329,"CASEY, IL US",IL
US1SCKR0014,"LUGOFF 2.2 NNW, SC US",SC
US1FLHB0116,"LUTZ 0.6 WSW, FL US",FL
US1NMBR0215,"ALBUQUERQUE 5.3 W, NM US",NM
US1NMBR0218,"ALBUQUERQUE 7.5 NW, NM US",NM
USC00508731,"STERLING 6 SW, AK US",AK
US1NDPR0006,"TOWNER 11.9 SE, ND US",ND
US1SCDR0038,"HARTSVILLE 3.6 WSW, SC US",SC
USC00389625,"YORK 5 SSE, SC US",SC
USW00003728,"MCCLELLANVILLE 7 NE, SC US",SC
US1FLHB0114,"RIVERVIEW 0.9 ENE, FL US",FL
US1NYDT0053,"PLEASANT VALLEY 0.9 WNW, NY US",NY
US1NYDT0052,"HAVILAND 3.8 NNE, NY US",NY
US1SCKR0004,"CAMDEN 6.6 NE, SC US",SC
USR0000ARMC,"RAM CREEK ALASKA, AK US",AK
US1NMBR0205,"ALBUQUERQUE 8.9 NW, NM US",NM
USC00385232,"LOCKHART, SC US",SC
USC00119275,"WILLISVILLE, IL US",IL
US1NMBR0203,"ALBUQUERQUE 7.1 NNW, NM US",NM
US1SCKR0029,"LUGOFF 0.9 NW, SC US",SC
USC00300317,"ATTICA 7 SW, NY US",NY
US1SCDR0051,"DARLINGTON 2.2 NNW, SC US",SC
US1SCCD0023,"MANNING 7.1 S, SC US",SC
US1FLHB0141,"CARROLLWOOD 1.3 N, FL US",FL
US1FLHB0140,"GREATER NORTHDALE 1.2 S, FL US",FL
US1FLHB0142,"ZEPHYRHILLS 8.8 SW, FL US",FL
USC00086761,"PALM BAY, FL US",FL
US1SCDR0004,"DARLINGTON 7.3 SSW, SC US",SC
USC00086767,"PALM COAST 6 NE, FL US",FL
US1SCOC0105,"SALEM 3.9 ENE, SC US",SC
US1NYYT0012,"PENN YAN 5.1 NNW, NY US",NY
USC00086764,"PALM BEACH GARDENS, FL US",FL
US1SCOC0106,"SALEM 3.5 NW, SC US",SC
US1SCOC0107,"SENECA 3.2 NE, SC US",SC
US1NMSJ0027,"FARMINGTON 2.8 S, NM US",NM
USC00308248,"STILLWATER RESERVOIR, NY US",NY
US1NMSJ0026,"FARMINGTON 3.0 NE, NM US",NM
US1NMSJ0025,"FARMINGTON 1.4 WSW, NM US",NM
US1NYYT0008,"MIDDLESEX 3.5 S, NY US",NY
US1SCRC0088,"IRMO 3.2 NE, SC US",SC
USW00026401,"ANCHORAGE ELMENDORF AFB, AK US",AK
US1SCRC0093,"CHAPIN 5.0 ESE, SC US",SC
USC00507442,"POINT LAY, AK US",AK
USC00301625,"COLDEN 1 W, NY US",NY
US1SCRC0090,"BLYTHEWOOD 5.8 W, SC US",SC
USC00309593,"WYOMING 3 W, NY US",NY
US1FLHB0154,"SEFFNER 0.4 ESE, FL US",FL
US1FLHB0156,"CARROLLWOOD 0.7 NNE, FL US",FL
US1NMSJ0019,"FARMINGTON 3.4 WSW, NM US",NM
USR0000AREI,"REINDEER RIVER ALASKA, AK US",AK
USC00112685,"EFFINGHAM SE, IL US",IL
USR0000AREN,"RENEE ALASKA, AK US",AK
USC00115712,"MINONK, IL US",IL
US1FLHB0128,"RUSKIN 2.1 SE, FL US",FL
USC00385278,"LONG CREEK, SC US",SC
US1NYOL0011,"MILLVILLE 0.8 S, NY US",NY
USS0008S01S,"FRISCO DIVIDE, NM US",NM
US1FLHB0123,"THONOTOSASSA 3.6 NE, FL US",FL
US1SCCD0006,"MANNING 1.9 SSE, SC US",SC
US1SCDR0020,"HARTSVILLE 5.4 WSW, SC US",SC
US1ILSC0040,"SWANSEA 0.7 ESE, IL US",IL
US1NYOL0005,"MEDINA 0.4 WNW, NY US",NY
US1ILSC0042,"LEBANON 0.3 NE, IL US",IL
USC00112679,"EDWARDSVILLE 2 W, IL US",IL
US1ILBU0009,"LA MOILLE 0.2 NNE, IL US",IL
USW00026425,"GULKANA AIRPORT, AK US",AK
USW00026422,"EAGLE AIRPORT, AK US",AK
US1ILKD0107,"YORKVILLE 2.1 NNW, IL US",IL
US1ILBU0011,"WALNUT 5.3 ENE, IL US",IL
USC00302934,"FORT DRUM, NY US",NY
USW00026409,"ANCHORAGE MERRILL FIELD, AK US",AK
US1ILKD0102,"OSWEGO 2.4 SSW, IL US",IL
USW00026407,"EIELSON FIELD, AK US",AK
US1SCCD0019,"SUMMERTON 7.6 ESE, SC US",SC
US1SCOC0113,"WALHALLA 2.9 W, SC US",SC
US1SCOC0116,"SENECA 5.8 SSE, SC US",SC
US1FLHB0136,"BRANDON 2.8 SW, FL US",FL
US1SCDR0010,"HARTSVILLE 1.8 W, SC US",SC
US1SCOC0117,"SENECA 8.9 N, SC US",SC
US1SCCD0017,"SUMMERTON 7.6 SW, SC US",SC
USW00026415,"BIG DELTA AIRPORT, AK US",AK
USW00026412,"NORTHWAY AIRPORT, AK US",AK
USW00026413,"FORT YUKON, AK US",AK
USW00026410,"CORDOVA AIRPORT, AK US",AK
USW00026411,"FAIRBANKS INTERNATIONAL AIRPORT, AK US",AK
US1NYTG0005,"BERKSHIRE 2.0 N, NY US",NY
US1FLLE0068,"LEHIGH ACRES 3.8 SSW, FL US",FL
US1SCHR0119,"MYRTLE BEACH 8.9 WSW, SC US",SC
US1ILKD0136,"OSWEGO 0.3 E, IL US",IL
US1FLLE0065,"CYPRESS LAKE 0.5 SSW, FL US",FL
US1ILDK0036,"DE KALB 3.5 WSW, IL US",IL
US1ILDK0038,"CORTLAND 0.3 E, IL US",IL
USC00293428,"GALLUP SAND AND GRAVEL, NM US",NM
US1NMDA0338,"LAS CRUCES 0.8 ESE, NM US",NM
US1ILWB0003,"MOUNT CARMEL 4.2 NW, IL US",IL
US1ILDK0042,"SYCAMORE 1.4 SE, IL US",IL
US1FLPS0073,"WESLEY CHAPEL 1.7 ESE, FL US",FL
US1FLLE0062,"CAPE CORAL 5.0 SE, FL US",FL
US1SCGV0084,"FIVE FORKS 2.1 WSW, SC US",SC
US1SCGV0081,"SLATER MARIETTA 6.4 NW, SC US",SC
US1SCGV0080,"TRAVELERS REST 7.6 N, SC US",SC
US1NMDA0339,"LAS CRUCES 6.0 ESE, NM US",NM
US1SCHR0126,"CONWAY 10.4 ENE, SC US",SC
US1FLGF0007,"WEWAHITCHKA 1.0 ESE, FL US",FL
US1ILKD0127,"OSWEGO 1.7 WSW, IL US",IL
US1SCHR0125,"SURFSIDE BEACH 2.0 N, SC US",SC
US1ILKD0126,"OSWEGO 1.1 ESE, IL US",IL
US1FLLE0079,"CYPRESS LAKE 1.2 SE, FL US",FL
US1ILKD0125,"PLANO 1.6 NW, IL US",IL
US1FLLE0078,"CAPE CORAL 3.1 ESE, FL US",FL
US1ILCE0013,"CHARLESTON 0.8 NW, IL US",IL
US1FLLE0076,"FORT MYERS 10.0 NE, FL US",FL
US1FLLE0075,"ESTERO 0.5 WNW, FL US",FL
US1ILDK0028,"DE KALB 0.7 SW, IL US",IL
US1NYJF0047,"WATERTOWN 0.9 SSW, NY US",NY
USC00303444,"GREENE, NY US",NY
US1ILDK0029,"EARLVILLE 4.8 NNE, IL US",IL
US1ILMCH087,"MARENGO 0.7 NNE, IL US",IL
USS0062S01S,"KELLY STATION, AK US",AK
US1ILMCH083,"CRYSTAL LAKE 1.0 WSW, IL US",IL
US1FLBW0007,"POMPANO BEACH HIGHLANDS 0.7 E, FL US",FL
US1FLPS0065,"TRINITY 3.0 ENE, FL US",FL
US1ILCT0010,"BARTELSO 1.7 E, IL US",IL
US1NMDA0322,"LAS CRUCES 2.5 S, NM US",NM
US1FLMD0094,"MIAMI 2.2 S, FL US",FL
US1NMDA0321,"LAS CRUCES 12.4 NW, NM US",NM
US1NMDA0320,"LAS CRUCES 5.2 WSW, NM US",NM
US1SCGV0094,"SIMPSONVILLE 3.1 WSW, SC US",SC
US1ILCT0012,"TRENTON 3.3 NE, IL US",IL
US1FLLE0072,"FORT MYERS 1.7 WNW, FL US",FL
US1SCHR0122,"MURRELLS INLET 1.9 NNE, SC US",SC
US1ILCE0008,"CHARLESTON 4.7 SSW, IL US",IL
USR0000ARAB,"RABBIT CREEK ALASKA, AK US",AK
US1SCHR0138,"MYRTLE BEACH 10.0 NE, SC US",SC
US1SCHR0139,"CONWAY 7.5 E, SC US",SC
US1ILMCH095,"CARY 0.5 SSW, IL US",IL
US1ILMCH096,"HUNTLEY 1.6 SW, IL US",IL
US1ILMCH093,"MARENGO 0.8 S, IL US",IL
US1ILMCH094,"MCHENRY 2.4 E, IL US",IL
US1NMDA0312,"MESQUITE 3.1 NW, NM US",NM
US1SCHR0134,"CONWAY 4.5 SE, SC US",SC
US1NMDA0319,"LAS CRUCES 3.1 S, NM US",NM
US1FLLE0057,"CAPE CORAL 4.9 S, FL US",FL
US1FLLE0055,"FORT MYERS 2.3 SW, FL US",FL
US1ILKK0039,"HERSCHER 3.3 E, IL US",IL
US1FLMD0079,"MIAMI 5.7 N, FL US",FL
US1FLPS0043,"LAND O LAKES 1.5 SSE, FL US",FL
US1ILKD0143,"YORKVILLE 3.1 N, IL US",IL
USC00382260,"DARLINGTON, SC US",SC
US1NMDA0308,"LAS CRUCES 5.8 WNW, NM US",NM
USW00092821,"TITUSVILLE 7 E, FL US",FL
US1NMSR0069,"ELEPHANT BUTTE 5.6 N, NM US",NM
US1NMGD0008,"SANTA ROSA 4.3 SE, NM US",NM
US1ILMCH035,"LAKEMOOR 1.9 NW, IL US",IL
US1NMGD0009,"FORT SUMNER 17.0 NW, NM US",NM
US1NMDA0373,"UNIVERSITY PARK 6.7 E, NM US",NM
US1ILMCH033,"WOODSTOCK 3.8 SW, IL US",IL
USW00092827,"SEBRING 23 SSE, FL US",FL
USW00092826,"EVERGLADES CITY 5 NE, FL US",FL
US1NMDA0370,"LAS CRUCES 7.1 SW, NM US",NM
US1FLMD0069,"HOMESTEAD 3.0 NW, FL US",FL
USC00300364,"BAITING HOLLOW, NY US",NY
US1NMDA0379,"LAS CRUCES 6.5 WSW, NM US",NM
US1FLMD0061,"MIAMI 15.1 WSW, FL US",FL
US1FLWS0001,"VERNON 10.6 WSW, FL US",FL
US1NYMG0002,"FONDA 5.2 W, NY US",NY
US1FLWS0003,"SUNNY HILLS 3.3 N, FL US",FL
US1FLWS0006,"VERNON 0.5 NW, FL US",FL
US1NYMG0001,"FORT PLAIN 0.2 SE, NY US",NY
USC00112736,"ELGIN WATER, IL US",IL
US1NYMG0005,"AMSTERDAM 1.0 NNW, NY US",NY
US1NMSR0054,"TRUTH OR CONSEQUENCES 12.0 ESE, NM US",NM
US1NMSR0058,"WINSTON 1.8 SSW, NM US",NM
USR0000NGAN,"GANG MILLS NEW YORK, NY US",NY
USC00300379,"BALDWINSVILLE, NY US",NY
USC00304731,"LIBERTY 1 NE, NY US",NY
US1ILMCH043,"ALGONQUIN 0.7 N, IL US",IL
USC00087205,"PLANT CITY, FL US",FL
US1FLPS0015,"DADE CITY 4.3 N, FL US",FL
US1FLMD0051,"CUTLER RIDGE 1.5 SSW, FL US",FL
USC00325660,"MAYVILLE, ND US",ND
US1NMDA0367,"LAS CRUCES 6.1 ESE, NM US",NM
US1NMSR0050,"TRUTH OR CONSEQUENCES 0.5 ENE, NM US",NM
US1NYJF0030,"WEST CARTHAGE 0.3 ENE, NY US",NY
US1NMSR0045,"HILLSBORO 0.6 WSW, NM US",NM
US1NMSR0046,"HILLSBORO 0.3 WSW, NM US",NM
US1NMSR0047,"KINGSTON, NM US",NM
USC00119354,"WINDSOR, IL US",IL
US1NMDA0352,"WHITE SANDS 1.3 ESE, NM US",NM
USC00300343,"AVON, NY US",NY
US1NMDA0350,"LAS CRUCES 2.1 NNE, NM US",NM
USW00003818,"MARIANNA MUNICIPAL AIRPORT, FL US",FL
US1FLPS0006,"LUTZ 3.4 NE, FL US",FL
US1FLPS0004,"PORT RICHEY 2.0 NNE, FL US",FL
US1NMDA0358,"LAS CRUCES 4.6 SSW, NM US",NM
US1FLMD0041,"LINDGREN ACRES 0.7 SW, FL US",FL
US1FLPS0010,"DADE CITY 1.8 WSW, FL US",FL
US1NMDA0356,"MESILLA 5.7 WNW, NM US",NM
US1NMDA0355,"LAS CRUCES 2.7 SSW, NM US",NM
US1NMDA0354,"LAS CRUCES 7.8 ESE, NM US",NM
US1FLHM0005,"WHITE SPRINGS 0.3 NW, FL US",FL
USC00502610,"EAGLECREST BASE, AK US",AK
US1FLLE0080,"CAPE CORAL 2.2 WNW, FL US",FL
US1NMSR0034,"ELEPHANT BUTTE 1.4 NE, NM US",NM
USS0008S08S,"SILVER CREEK DIVIDE, NM US",NM
USC00325638,"MAX, ND US",ND
USC00304715,"LEWISTON, NY US",NY
US1NYJF0026,"MANNSVILLE 0.3 SE, NY US",NY
US1ILDK0005,"CORTLAND 0.3 SSW, IL US",IL
USC00294748,"LAKE ROBERTS, NM US",NM
USC00087228,"MOUNT PLYMOUTH 1 SSW, FL US",FL
US1ILDK0009,"DE KALB 3.2 WNW, IL US",IL
USR0000AINI,"INIGOK AIRFIELD ALASKA, AK US",AK
USR0000AIMY,"IMELYAK ALASKA, AK US",AK
US1FLPS0001,"HUDSON 1.1 ESE, FL US",FL
USC00502607,"EAGLE, AK US",AK
USC00294742,"LAKE MALOYA, NM US",NM
US1NMSR0030,"HILLSBORO 0.1 ESE, NM US",NM
US1NMGD0010,"SANTA ROSA 16.6 SE, NM US",NM
US1NMSR0031,"WINSTON 0.6 SSE, NM US",NM
US1SCGV0001,"TAYLORS 2.8 W, SC US",SC
US1FLBW0076,"PLANTATION 3.4 E, FL US",FL
US1SCDC0021,"SUMMERVILLE 3.4 S, SC US",SC
US1FLMD0026,"MIAMI LAKES 0.3 NNW, FL US",FL
US1SCGV0007,"TRAVELERS REST 8.9 N, SC US",SC
US1SCCS0001,"LOWRYS 3.6 ENE, SC US",SC
US1SCGV0006,"TAYLORS 2.8 NNW, SC US",SC
US1SCSM0010,"SUMTER 0.3 ENE, SC US",SC
US1FLMD0022,"HAMMOCKS 0.5 SSE, FL US",FL
USC00302197,"DUNKIRK, NY US",NY
US1NMLN0041,"ALTO 4.8 NE, NM US",NM
US1FLBW0079,"MARGATE 0.4 W, FL US",FL
US1NYCY0045,"MORAVIA 5.6 NW, NY US",NY
US1NMLN0049,"CAPITAN 5.5 NE, NM US",NM
US1NMLN0048,"ALTO 7.4 W, NM US",NM
US1NYCY0042,"GENOA 2.4 W, NY US",NY
US1SCGV0013,"FIVE FORKS 1.0 W, SC US",SC
US1SCDC0018,"REEVESVILLE 1.0 SSE, SC US",SC
US1ILMCH009,"ALGONQUIN 2.1 W, IL US",IL
USS0045M07S,"UPPER TSAINA RIVER, AK US",AK
US1SCGV0018,"TRAVELERS REST 2.4 ESE, SC US",SC
US1SCCS0015,"CHESTER 0.2 NNE, SC US",SC
US1SCSM0014,"OAKLAND 1.5 NE, SC US",SC
US1NMLN0052,"RUIDOSO 3.2 SW, NM US",NM
USC00116200,"NORMAL 4 NE, IL US",IL
US1SCGV0026,"GREENVILLE 7.7 SE, SC US",SC
US1SCGV0020,"SIMPSONVILLE 5.4 N, SC US",SC
US1NMSN0026,"RIO RANCHO 5.6 NE, NM US",NM
US1ILMCH013,"BULL VALLEY 2.5 WNW, IL US",IL
USW00092806,"ST PETERSBURG ALBERT WHITTED AIRPORT, FL US",FL
US1FLMD0007,"SUNSET 2.4 SW, FL US",FL
USW00092805,"POMPANO BEACH AIRPARK, FL US",FL
US1SCSM0030,"SUMTER 1.1 SSW, SC US",SC
US1NMDA0393,"LAS CRUCES 1.6 ENE, NM US",NM
US1SCGV0028,"FOUNTAIN INN 5.4 SW, SC US",SC
US1FLMD0003,"LINDGREN ACRES 0.5 WSW, FL US",FL
US1SCSM0035,"SUMTER 8.0 SSE, SC US",SC
US1NMDA0390,"LAS CRUCES 3.0 NW, NM US",NM
US1SCDC0003,"NORTH CHARLESTON 2.9 WNW, SC US",SC
USC00306525,"PERRYSBURG, NY US",NY
US1NMCT0019,"PIE TOWN 0.1 WNW, NM US",NM
USW00092809,"HOLLYWOOD NORTH PERRY AIRPORT, FL US",FL
USC00291664,"CHAMA, NM US",NM
US1NYCY0026,"AURORA 2.4 N, NY US",NY
USC00380490,"BARNWELL 5 ENE, SC US",SC
USC00502656,"EAGLE RIVER 5 SE, AK US",AK
USC00087261,"NEW SMYRNA BEACH MARINE DISCOVERY CENTER, FL US",FL
US1SCGV0035,"GREENVILLE 5.4 WNW, SC US",SC
US1NMSN0017,"RIO RANCHO 2.4 ENE, NM US",NM
US1SCJS0003,"RIDGELAND 5.8 ESE, SC US",SC
US1ILMCH029,"WOODSTOCK 0.7 SW, IL US",IL
US1SCSM0040,"SUMTER 3.3 SW, SC US",SC
US1NMDA0384,"LAS CRUCES 1.2 E, NM US",NM
US1NMDA0382,"LAS CRUCES 4.2 SSW, NM US",NM
US1FLBW0067,"DAVIE 2.6 WSW, FL US",FL
US1NMDA0381,"SUNLAND PARK 7.4 NW, NM US",NM
USW00092814,"ST AUGUSTINE AIRPORT, FL US",FL
US1SCSM0046,"SUMTER 8.7 S, SC US",SC
US1SCSM0037,"DALZELL 2.3 W, SC US",SC
USC00328792,"TOWNER 2 NE, ND US",ND
US1NMLN0036,"RUIDOSO 5.6 NNE, NM US",NM
US1NMCT0009,"QUEMADO 8.0 NE, NM US",NM
US1NMCT0007,"DATIL 2.0 W, NM US",NM
US1NMDA0389,"LAS CRUCES 4.8 SSW, NM US",NM
USC00114489,"JERSEYVILLE 2 SW, IL US",IL
US1NMDA0387,"LAS CRUCES 4.1 N, NM US",NM
US1NYCY0038,"AURORA 1.6 S, NY US",NY
US1NYCY0037,"SCIPIO CENTER 0.6 S, NY US",NY
US1NYCY0036,"CAYUGA 0.4 N, NY US",NY
US1NYCY0035,"AUBURN 5.1 WNW, NY US",NY
US1NYCY0034,"CAYUGA 1.7 NE, NY US",NY
USC00502642,"EAGLE RIVER NATURE CENTER, AK US",AK
USC00502645,"EAGLE RIVER GAKONA CIRCLE, AK US",AK
USW00064775,"ROME GRIFFISS AIRFIELD, NY US",NY
US1NMLN0039,"ALTO 0.3 N, NM US",NM
USW00064776,"PLATTSBURGH INTERNATIONAL AIRPORT, NY US",NY
US1ILKK0049,"KANKAKEE 4.9 NW, IL US",IL
US1FLST0014,"THE VILLAGES 3.3 SSE, FL US",FL
US1SCHR0157,"MURRELLS INLET 3.0 NNE, SC US",SC
US1ILKK0047,"HERSCHER 2.5 ESE, IL US",IL
US1ILKK0045,"KANKAKEE 1.4 WSW, IL US",IL
USC00299569,"WASTE ISOLT N PILOT PLANT, NM US",NM
US1NYCY0008,"AUBURN 8.3 SSE, NY US",NY
US1NYCY0005,"DUCK LAKE, NY US",NY
US1NMLN0008,"LINCOLN 1.4 ESE, NM US",NM
US1NYCY0002,"CAYUGA 3.2 ESE, NY US",NY
USC00320818,"BISMARCK WEATHER FORECAST OFFICE, ND US",ND
US1SCHR0156,"MYRTLE BEACH 4.2 SW, SC US",SC
US1SCHR0154,"MYRTLE BEACH 10.1 NE, SC US",SC
US1FLST0009,"LADY LAKE 4.3 SSW, FL US",FL
USC00326105,"MONTPELIER, ND US",ND
USC00384896,"LAKE GREENWOOD, SC US",SC
USC00307842,"SODUS 1 W, NY US",NY
US1NMLN0013,"NOGAL 4.6 SSE, NM US",NM
US1NYCY0014,"CAYUGA 4.0 NNE, NY US",NY
US1SCHR0161,"GALIVANTS FERRY 7.6 E, SC US",SC
US1SCGV0051,"SIMPSONVILLE 2.7 W, SC US",SC
US1NMLN0018,"CAPITAN 1.3 WSW, NM US",NM
US1FLST0035,"OXFORD 0.8 SW, FL US",FL
US1NYTG0026,"CANDOR 0.7 NW, NY US",NY
US1FLST0037,"THE VILLAGES 5.3 S, FL US",FL
US1NYTG0028,"ENDICOTT 3.7 WSW, NY US",NY
US1FLST0038,"WILDWOOD 2.8 ENE, FL US",FL
US1FLST0032,"LADY LAKE 4.3 W, FL US",FL
US1FLBW0095,"PLANTATION 1.9 SE, FL US",FL
US1SCGV0063,"FIVE FORKS 0.8 NNE, SC US",SC
US1NYTG0033,"OWEGO 6.1 ENE, NY US",NY
US1SCGV0078,"PIEDMONT 1.4 NNE, SC US",SC
US1NYTG0034,"APALACHIN 2.8 ESE, NY US",NY
US1SCGV0074,"PARIS MOUNTAIN STATE PARK 2.4 NW, SC US",SC
US1NYTG0031,"NEWARK VALLEY 1.9 SSW, NY US",NY
US1FLST0039,"THE VILLAGES 5.1 SSE, FL US",FL
US1NMCH0031,"ROSWELL 5.5 E, NM US",NM
US1FLCY0007,"KEYSTONE HEIGHTS 3.5 ENE, FL US",FL
US1NMCH0032,"ROSWELL 2.0 NNE, NM US",NM
US1ILWM0018,"CREAL SPRINGS 2.2 W, IL US",IL
US1FLCY0001,"FLEMING ISLAND 1.7 SE, FL US",FL
US1NMCH0038,"ROSWELL 6.0 NNW, NM US",NM
US1NMCH0037,"ROSWELL 28.5 NNE, NM US",NM
USC00111290,"CARLYLE RESERVOIR, IL US",IL
US1FLHB0069,"RIVERVIEW 2.1 W, FL US",FL
USW00026562,"PORT ALSWORTH 1 SW, AK US",AK
USW00026563,"KENAI 29 ENE, AK US",AK
US1FLHB0060,"VALRICO 2.8 SSE, FL US",FL
USR0000ASTO,"STONEY ALASKA, AK US",AK
US1AKAB0038,"EAGLE RIVER 7.8 SE, AK US",AK
USC00114317,"HUTSONVILLE, IL US",IL
US1SCAN0013,"TOWNVILLE 2.7 ESE, SC US",SC
US1ILWM0012,"MARION 8.0 SSW, IL US",IL
USW00026564,"IVOTUK 1 NNE, AK US",AK
US1ILWM0014,"CARTERVILLE 1.6 SSE, IL US",IL
US1SCOC0092,"SALEM 1.9 NE, SC US",SC
US1ILWM0004,"BUSH 2.0 ESE, IL US",IL
US1AKAB0052,"ANCHORAGE 4.7 SSW, AK US",AK
US1SCOC0093,"KEOWEE KEY 2.4 NW, SC US",SC
US1AKAB0051,"ANCHORAGE 4.5 E, AK US",AK
US1NMCH0044,"ROSWELL 5.2 N, NM US",NM
US1SCOC0095,"TAMASSEE 0.9 NW, SC US",SC
US1FLGC0012,"TRENTON 7.0 E, FL US",FL
US1SCOC0098,"SENECA 8.8 N, SC US",SC
US1ILDG0011,"TUSCOLA 0.6 NNE, IL US",IL
USR0000ABRO,"BROADVIEW ALASKA, AK US",AK
US1NMCH0046,"LAKE ARTHUR 2.5 ESE, NM US",NM
US1ILDG0015,"NEWMAN 0.3 SE, IL US",IL
US1NMCH0047,"ROSWELL 8.1 N, NM US",NM
US1SCAN0004,"WILLIAMSTON 5.4 W, SC US",SC
USC00301708,"CONKLINGVILLE DAM, NY US",NY
USS0050R04S,"GOBBLERS KNOB, AK US",AK
US1AKAB0062,"ANCHORAGE 8.3 SSE, AK US",AK
US1FLSW0008,"LIVE OAK 10.0 W, FL US",FL
US1FLCY0025,"ORANGE PARK 4.1 WSW, FL US",FL
USC00305280,"MEXICO 2 SW, NY US",NY
US1AKAB0064,"CHUGIAK 2.4 NE, AK US",AK
USR0000ASWA,"SWANSON RIVER ALASKA, AK US",AK
US1FLHB0044,"RUSKIN 1.8 ESE, FL US",FL
USR0000ABUU,"BUCKLAND UPLANDS ALASKA, AK US",AK
USC00080478,"BARTOW 1 SE, FL US",FL
US1FLHB0048,"GREATER NORTHDALE 0.4 ENE, FL US",FL
USC00111265,"CARBONDALE SEWAGE PLANT, IL US",IL
US1SCRC0147,"COLUMBIA 6.2 NNW, SC US",SC
US1SCRC0142,"IRMO 2.2 WSW, SC US",SC
USC00388473,"TABLE ROCK RESERVOIR, SC US",SC
US1FLCY0038,"KEYSTONE HEIGHTS 10.1 ENE, FL US",FL
USC00388474,"SWANSEA 3.5 NE, SC US",SC
USC00388472,"TABLE ROCK, SC US",SC
US1FLSW0014,"SUWANNEE SPRINGS 0.9 S, FL US",FL
US1NMBR0399,"LOS RANCHOS 2.1 SW, NM US",NM
US1NMBR0394,"ALBUQUERQUE 4.1 ENE, NM US",NM
USC00111250,"CANTON, IL US",IL
US1FLHB0051,"LUTZ 2.2 SSE, FL US",FL
US1SCRC0155,"EASTOVER 4.0 NW, SC US",SC
USR0000AKEN,"KENAI NWR ALASKA, AK US",AK
US1ILWM0024,"CARTERVILLE 0.6 NW, IL US",IL
US1NDRS0004,"MILNOR 1.8 NNW, ND US",ND
US1SCRC0150,"COLUMBIA 5.8 W, SC US",SC
US1NMBR0388,"ALBUQUERQUE 1.2 SSE, NM US",NM
US1SCOC0068,"SENECA 3.4 WNW, SC US",SC
US1NMBR0384,"ALBUQUERQUE 2.1 S, NM US",NM
US1NMBR0390,"ALBUQUERQUE 2.1 NW, NM US",NM
USC00114355,"ILLINOIS CITY DAM 16, IL US",IL
US1FLCY0042,"GREEN COVE SPRINGS 2.6 WNW, FL US",FL
US1SCRC0123,"COLUMBIA 5.6 SSW, SC US",SC
US1SCRC0122,"VALENCIA HEIGHTS 1.0 WNW, SC US",SC
US1SCAN0059,"ANDERSON 0.9 S, SC US",SC
US1SCBF0137,"BEAUFORT 4.6 N, SC US",SC
USR0000ABNT,"BENTALIT ALASKA, AK US",AK
US1SCBF0134,"BLUFFTON 6.3 WNW, SC US",SC
US1SCOC0053,"SENECA 2.5 NNW, SC US",SC
US1SCAN0043,"PENDLETON 0.8 NNW, SC US",SC
USS0008P03S,"RICE PARK, NM US",NM
US1NMBR0376,"CEDAR CREST 3.0 NNE, NM US",NM
US1SCOC0057,"WEST UNION 1.9 ESE, SC US",SC
US1NMBR0379,"TIJERAS 6.1 E, NM US",NM
US1SCBF0132,"BLUFFTON 6.4 NW, SC US",SC
US1NMBR0373,"ALBUQUERQUE 8.1 ESE, NM US",NM
US1NMBR0374,"ALBUQUERQUE 5.9 NE, NM US",NM
US1SCRC0139,"COLUMBIA 4.0 W, SC US",SC
US1SCCK0008,"LOCKHART 5.4 N, SC US",SC
US1ILLK0103,"BUFFALO GROVE 1.3 ESE, IL US",IL
US1ILLK0100,"LONG LAKE 0.4 S, IL US",IL
US1SCRC0134,"COLUMBIA 5.7 WSW, SC US",SC
US1FLCY0055,"FLEMING ISLAND 1.3 NW, FL US",FL
US1SCAN0046,"BELTON 3.5 W, SC US",SC
US1FLCY0054,"KEYSTONE HEIGHTS 9.7 ENE, FL US",FL
US1SCRC0132,"COLUMBIA 6.1 WSW, SC US",SC
USW00096409,"TOOLIK LAKE 5 ENE, AK US",AK
US1SCOC0085,"WEST UNION 4.4 E, SC US",SC
US1SCOC0086,"SENECA 6.2 SSE, SC US",SC
US1SCGV0100,"GREENVILLE 4.0 ESE, SC US",SC
US1NMBR0366,"ALBUQUERQUE 7.7 ENE, NM US",NM
US1NMBR0365,"ALBUQUERQUE 7.4 ENE, NM US",NM
US1NMBR0368,"TIJERAS 4.8 E, NM US",NM
US1FLGC0003,"NEWBERRY 4.0 WNW, FL US",FL
US1NMBR0362,"ALBUQUERQUE 9.3 NW, NM US",NM
US1SCGV0106,"FIVE FORKS 2.0 WSW, SC US",SC
USW00096407,"SELAWIK 28 E, AK US",AK
US1NMBR0363,"ALBUQUERQUE 5.5 NNW, NM US",NM
US1FLGC0008,"TRENTON 4.0 NW, FL US",FL
US1SCCK0030,"BLACKSBURG 2.6 ENE, SC US",SC
USC00305236,"MEDINA, NY US",NY
USW00003027,"CLINES CORNERS, NM US",NM
USC00082229,"DELAND 1 SSE, FL US",FL
USC00115660,"MILSTADT 2 SW, IL US",IL
US1SCRC0106,"COLUMBIA 8.8 N, SC US",SC
US1FLCY0064,"MIDDLEBURG 8.9 ENE, FL US",FL
US1SCRC0102,"IRMO 7.3 NE, SC US",SC
US1NYCN0014,"OXFORD 0.8 NNW, NY US",NY
US1SCAN0036,"TOWNVILLE 3.7 ESE, SC US",SC
US1SCAN0037,"ANDERSON 6.9 WNW, SC US",SC
US1SCAN0038,"ANDERSON 10.4 WNW, SC US",SC
USR0000FRAC,"RACCOON POINT FLORIDA, FL US",FL
US1SCGV0115,"FOUNTAIN INN 1.9 SW, SC US",SC
US1NMBR0359,"ALBUQUERQUE 7.1 NE, NM US",NM
US1SCAN0020,"POWDERSVILLE 0.5 SSE, SC US",SC
US1SCAN0021,"ANDERSON 10.5 SE, SC US",SC
US1SCOC0077,"SENECA 4.9 ENE, SC US",SC
US1NMBR0355,"ALBUQUERQUE 2.0 SSE, NM US",NM
US1SCOC0078,"SALEM 0.8 SW, SC US",SC
US1NMBR0354,"ALBUQUERQUE 7.8 ESE, NM US",NM
US1NMBR0356,"ALBUQUERQUE 3.2 SSE, NM US",NM
US1FLHB0098,"RIVERVIEW 4.8 SSW, FL US",FL
US1ILLV0028,"DWIGHT 2.3 SSE, IL US",IL
US1NMBR0350,"ALBUQUERQUE 4.1 E, NM US",NM
US1SCCK0021,"GAFFNEY 3.5 SW, SC US",SC
US1NMBR0353,"ALBUQUERQUE 3.3 ESE, NM US",NM
US1ILLV0027,"FLANAGAN 0.4 NNE, IL US",IL
USR0000AKAL,"KALUICH ALASKA, AK US",AK
USW00003035,"ARTESIA MUNICIPAL AIRPORT, NM US",NM
USC00509919,"WRANGELL AIRPORT, AK US",AK
US1SCLX0093,"GILBERT 1.0 SE, SC US",SC
US1SCLX0098,"WEST COLUMBIA 5.9 WSW, SC US",SC
US1SCLX0097,"LEXINGTON 5.8 E, SC US",SC
US1SCAN0022,"STARR 2.0 SSE, SC US",SC
US1SCAN0023,"ANDERSON 3.7 NW, SC US",SC
USC00295150,"LOS LUNAS 3 SSW, NM US",NM
US1SCAN0025,"BELTON 4.1 SSW, SC US",SC
USR0000AKAI,"KAIYUH ALASKA, AK US",AK
USC00324418,"JAMESTOWN STATE HOSPITAL, ND US",ND
USC00304808,"LITTLE VALLEY, NY US",NY
US1FLMR0003,"BELLEVIEW 6.0 SSE, FL US",FL
US1SCOC0020,"SENECA 1.4 E, SC US",SC
US1SCHM0016,"BRUNSON 4.1 ENE, SC US",SC
US1NMBR0349,"ALBUQUERQUE 7.6 E, NM US",NM
US1SCHM0015,"HAMPTON 0.2 SW, SC US",SC
USC00300443,"BATAVIA, NY US",NY
USC00388405,"SULLIVANS ISLAND, SC US",SC
US1SCLE0006,"BISHOPVILLE 0.7 SSW, SC US",SC
USS0049M08S,"INDIAN PASS, AK US",AK
US1SCLX0049,"CHAPIN 1.3 SSE, SC US",SC
US1NYOS0015,"MINETTO 0.1 SE, NY US",NY
USR0000ASLR,"SALMON RIVER ALASKA, AK US",AK
US1NYOD0004,"BOONVILLE 0.2 NW, NY US",NY
US1ILLK0136,"HIGHLAND PARK 1.1 N, IL US",IL
US1ILMP0004,"GIRARD 1.2 W, IL US",IL
US1NMLU0037,"DEMING 15.5 WSW, NM US",NM
US1NYOD0002,"POINT ROCK 0.6 SE, NY US",NY
US1ILLK0133,"GURNEE 3.1 WNW, IL US",IL
US1FLMR0013,"MICANOPY 3.6 SSW, FL US",FL
US1FLMR0018,"BELLEVIEW 4.8 E, FL US",FL
US1NMBR0339,"ALBUQUERQUE 4.3 N, NM US",NM
US1NMSR0016,"WILLIAMSBURG 4.2 WSW, NM US",NM
US1NMBR0333,"SOUTH VALLEY 1.1 S, NM US",NM
USC00301787,"CORNING, NY US",NY
US1NMBR0332,"EDGEWOOD 4.4 W, NM US",NM
US1ILMP0007,"CARLINVILLE 3.4 SW, IL US",IL
US1SCLX0035,"LEXINGTON 2.9 NE, SC US",SC
US1SCOC0015,"WEST UNION 1.5 ESE, SC US",SC
US1SCHM0021,"HAMPTON 2.7 WNW, SC US",SC
US1NMBR0330,"ALBUQUERQUE 0.9 SSE, NM US",NM
USC00325730,"MC HENRY 3 W, ND US",ND
USW00003852,"VALPARAISO HURLBURT FIELD, FL US",FL
USW00003853,"MAYPORT PILOT STATION, FL US",FL
US1NYOS0001,"LACONA 3.6 SSE, NY US",NY
US1SCLX0031,"LEXINGTON 1.0 SE, SC US",SC
USW00003855,"PENSACOLA FOREST SHERMAN NAS, FL US",FL
USR0000ASKI,"SKILAK GUARD STATION ALASKA, AK US",AK
US1NYCN0023,"SOUTH NEW BERLIN 0.5 NNE, NY US",NY
US1FLMR0020,"THE VILLAGES 2.7 NNW, FL US",FL
US1SCBF0126,"BLUFFTON 7.2 WNW, SC US",SC
US1SCBF0128,"BEAUFORT 4.5 N, SC US",SC
US1SCAN0071,"ANDERSON 4.1 NNW, SC US",SC
US1SCBF0123,"OKATIE 3.5 NE, SC US",SC
US1NMSR0006,"WILLIAMSBURG 5.8 S, NM US",NM
US1NMLU0049,"COLUMBUS 20.1 W, NM US",NM
US1NMBR0322,"ALBUQUERQUE 6.5 ESE, NM US",NM
USW00003858,"EASTOVER MCENTIRE ANG, SC US",SC
US1NMSR0007,"ENGLE 4.0 ESE, NM US",NM
US1SCLX0069,"LEXINGTON 3.0 WSW, SC US",SC
USC00321362,"CARRINGTON 4 N, ND US",ND
US1SCOC0046,"SENECA 2.2 NNE, SC US",SC
US1SCBF0120,"BEAUFORT 6.5 NNW, SC US",SC
US1NMBR0324,"TIJERAS 8.2 SSE, NM US",NM
US1SCOC0047,"SALEM 4.3 ENE, SC US",SC
USC00301752,"COOPERSTOWN, NY US",NY
USC00386688,"PARR, SC US",SC
US1SCOC0049,"SENECA 2.5 NE, SC US",SC
USC00322695,"ENDERLIN 2 W, ND US",ND
US1SCLX0061,"IRMO 2.1 SW, SC US",SC
US1ILLK0119,"LAKE ZURICH 1.4 W, IL US",IL
USC00112510,"EARLVILLE 3 S, IL US",IL
US1NMLU0057,"HIDDEN VALLEY RANCH, NM US",NM
US1NYOD0023,"DURHAMVILLE 3.5 NNW, NY US",NY
US1SCLX0063,"COLUMBIA 9.6 WNW, SC US",SC
USC00119148,"WEST FRANKFORT, IL US",IL
USR0000ASNI,"SNIPE LAKE ALASKA, AK US",AK
US1ILLK0112,"LINDENHURST 1.0 ENE, IL US",IL
US1SCAN0077,"BELTON 4.7 W, SC US",SC
US1NMSC0014,"SOCORRO 9.9 SSE, NM US",NM
USW00026502,"KALTAG AIRPORT, AK US",AK
USW00026501,"GALENA AIRPORT, AK US",AK
US1NMLU0051,"DEMING 4.0 SE, NM US",NM
US1AKMS0026,"TRAPPER CREEK 2.2 N, AK US",AK
US1SCBF0117,"HILTON HEAD ISLAND 4.7 ENE, SC US",SC
US1SCAN0061,"TOWNVILLE 4.9 S, SC US",SC
US1SCHM0007,"HAMPTON 0.8 SW, SC US",SC
USC00385362,"LUGOFF 2 NE, SC US",SC
US1SCHM0006,"VARNVILLE 6.7 SW, SC US",SC
US1AKMS0022,"CHICKALOON 1.7 WSW, AK US",AK
US1SCBF0113,"BLUFFTON 7.4 W, SC US",SC
US1SCAN0064,"IVA 3.1 NNE, SC US",SC
US1SCOC0032,"SENECA 5.7 ENE, SC US",SC
US1SCBF0114,"BLUFFTON 1.7 S, SC US",SC
US1NMBR0316,"ALBUQUERQUE 8.0 ESE, NM US",NM
US1SCAN0065,"PIEDMONT 4.7 WSW, SC US",SC
US1NMBR0311,"SANDIA PARK 4.9 ESE, NM US",NM
USC00325710,"MC CLUSKY, ND US",ND
US1NMBR0313,"ALBUQUERQUE 3.5 NE, NM US",NM
US1SCOC0038,"KEOWEE KEY 1.4 WNW, SC US",SC
US1ILLK0128,"LAKE FOREST 2.0 WSW, IL US",IL
US1NMSC0029,"SOCORRO 0.4 NE, NM US",NM
US1ILLK0124,"VOLO 1.6 N, IL US",IL
US1NMSC0026,"LEMITAR 0.7 NNE, NM US",NM
USC00112500,"DWIGHT WWTP, IL US",IL
US1ILLK0120,"WADSWORTH 1.4 S, IL US",IL
US1SCBF0119,"BEAUFORT 3.6 SW, SC US",SC
USW00003870,"GRNVL SPART INTERNATIONAL AIRPORT, SC US",SC
US1NMBR0308,"ALBUQUERQUE 5.5 NW, NM US",NM
USC00388440,"SUMTER, SC US",SC
US1FLHB0027,"LUTZ 1.3 SSE, FL US",FL
US1FLHB0029,"TAMPA 6.5 NNE, FL US",FL
US1NMBR0309,"ALBUQUERQUE 8.1 ESE, NM US",NM
US1ILHY0004,"ATKINSON 2.6 NNE, IL US",IL
US1ILHY0006,"NEW WINDSOR 2.0 N, IL US",IL
US1SCLX0007,"OAK GROVE 1.4 N, SC US",SC
USC00082288,"DESOTO CITY 8 SW, FL US",FL
US1ILHY0008,"GENESEO 2.0 NW, IL US",IL
US1SCLX0005,"LEXINGTON 1.6 WNW, SC US",SC
USW00003887,"DECATUR AIRPORT, IL US",IL
US1NMSC0031,"MOUNTAINAIR 16.7 SW, NM US",NM
USW00026523,"KENAI AIRPORT, AK US",AK
US1NMSC0034,"POLVADERA 0.5 S, NM US",NM
US1FLLE0037,"FORT MYERS 0.8 N, FL US",FL
USS0041P07S,"AMERICAN CREEK, AK US",AK
US1ILHY0015,"COAL VALLEY 2.6 E, IL US",IL
US1FLHB0033,"BLOOMINGDALE 7.6 ESE, FL US",FL
USC00086634,"ORLANDO WEST, FL US",FL
US1NMLU0066,"DEMING 4.8 S, NM US",NM
US1FLSW0001,"LIVE OAK 0.4 NE, FL US",FL
USW00026516,"ANIAK AIRPORT, AK US",AK
US1NMSC0047,"SOCORRO 1.3 E, NM US",NM
USW00026510,"MCGRATH AIRPORT, AK US",AK
USR0000ABIL,"BIG LAKE ALASKA, AK US",AK
US1NMSC0061,"SOCORRO 1.5 NE, NM US",NM
US1NYQN0033,"HOWARD BEACH 0.4 NNW, NY US",NY
US1ILJH0004,"VIENNA 5.3 NNW, IL US",IL
US1NMSC0063,"MAGDALENA 2.4 SSE, NM US",NM
US1AKAB0021,"EAGLE RIVER 2.6 ESE, AK US",AK
USC00388426,"SUMMERVILLE 4 W, SC US",SC
US1NMCH0018,"ROSWELL 3.4 NNE, NM US",NM
US1SCOC0004,"SALEM 3.1 WNW, SC US",SC
US1FLHB0001,"PLANT CITY 6.5 NW, FL US",FL
US1ILJH0002,"GOREVILLE 3.8 NE, IL US",IL
US1FLHB0004,"VALRICO 2.2 SE, FL US",FL
US1SCOC0007,"SENECA 4.9 N, SC US",SC
US1FLLE0006,"BUCKINGHAM 1.7 SE, FL US",FL
US1NYOD0066,"NEW HARTFORD 1.0 WSW, NY US",NY
US1NYWR0017,"LAKE GEORGE 1.0 N, NY US",NY
US1ILMP0022,"EAGARVILLE 0.2 S, IL US",IL
US1NYOD0069,"SHERRILL 0.6 NNE, NY US",NY
US1NYOD0067,"HOLLAND PATENT 0.6 SSE, NY US",NY
US1NYWR0010,"WARRENSBURG 2.1 WNW, NY US",NY
US1NMSC0058,"LEMITAR 0.7 NNE, NM US",NM
US1NMSC0059,"SOCORRO 9.9 N, NM US",NM
USC00292030,"CONCHAS DAM, NM US",NM
US1FLHB0017,"SUN CITY CENTER 1.0 NE, FL US",FL
US1NMSC0071,"SOCORRO 0.7 NW, NM US",NM
US1NMSC0072,"MAGDALENA 28.1 WSW, NM US",NM
US1NMCH0022,"ROSWELL 52.1 NNW, NM US",NM
US1NYLW0003,"CONSTABLEVILLE 1.2 NW, NY US",NY
US1NYLW0002,"HARRISVILLE 4.7 SSW, NY US",NY
USW00026528,"TALKEETNA AIRPORT, AK US",AK
USW00026529,"TANANA AIRPORT, AK US",AK
USC00309690,"YOUNGSTOWN 1 S, NY US",NY
USR0000ASIS,"SISIAK ALASKA, AK US",AK
US1NMCH0027,"ROSWELL 19.3 N, NM US",NM
USC00087982,"SANFORD, FL US",FL
US1FLHB0010,"TAMPA 5.1 S, FL US",FL
USC00381814,"CLINTON, SC US",SC
USC00082298,"DEVILS GARDEN, FL US",FL
US1NMCH0024,"ROSWELL 5.1 N, NM US",NM
US1NMCH0023,"ROSWELL 38.7 NNW, NM US",NM
US1NMCH0026,"ROSWELL 27.5 NNE, NM US",NM
US1NMCH0025,"ROSWELL 1.7 NW, NM US",NM
US1NYWR0021,"BRANT LAKE 1.7 ENE, NY US",NY
US1NMSC0068,"SOCORRO 1.9 NE, NM US",NM
US1NYQN0039,"LITTLE NECK 0.3 SE, NY US",NY
USC00500707,"BEN S FARM, AK US",AK
US1NMSC0069,"SAN ANTONIO 0.8 NNW, NM US",NM
USW00026535,"INDIAN MOUNTAIN AFS, AK US",AK
USW00026536,"TATLINA AIRPORT, AK US",AK
USW00026533,"BETTLES AIRPORT, AK US",AK
USW00026534,"SPARREVOHN MOUNTAIN AFS, AK US",AK
US1NMLU0083,"DEMING 11.7 N, NM US",NM
US1NMSC0066,"BOSQUE 3.1 S, NM US",NM
USC00113879,"HARRISBURG, IL US",IL
US1NMLU0084,"DEMING 1.0 SSE, NM US",NM
USR0000ABCK,"BIRCH CREEK ALASKA, AK US",AK
USC00295968,"MOUNTAINAIR 8 NW, NM US",NM
USW00012832,"APALACHICOLA AIRPORT, FL US",FL
US1ILCK0430,"WORTH 0.3 S, IL US",IL
USC00085359,"MARCO ISLAND, FL US",FL
USC00295960,"MOUNTAIN PARK, NM US",NM
USW00012826,"HOMESTEAD AFB, FL US",FL
USC00327530,"RICHARDTON ABBEY, ND US",ND
US1FLMR0092,"OCALA 9.9 SW, FL US",FL
US1ILCK0426,"OAK PARK 1.0 SSE, IL US",IL
USC00295965,"MOUNTAINAIR, NM US",NM
US1ILCK0424,"TINLEY PARK 1.1 ESE, IL US",IL
US1FLSL0022,"PORT ST. LUCIE 2.4 N, FL US",FL
US1FLMR0094,"OCALA 8.4 SSW, FL US",FL
US1ILCK0429,"HARWOOD HEIGHTS 4.0 ESE, IL US",IL
US1SCBW0008,"BARNWELL 0.2 E, SC US",SC
USC00113902,"HARVARD WWTP, IL US",IL
USS0048V01S,"PRUDHOE BAY, AK US",AK
US1ILKD0005,"MONTGOMERY 0.8 SSE, IL US",IL
USW00012842,"TAMPA INTERNATIONAL AIRPORT, FL US",FL
USW00012843,"VERO BEACH INTERNATIONAL AIRPORT, FL US",FL
USW00012841,"ORLANDO EXECUTIVE AIRPORT, FL US",FL
USC00328840,"TURTLE LAKE, ND US",ND
US1NMDA0206,"LAS CRUCES 1.7 WNW, NM US",NM
USW00012839,"MIAMI INTERNATIONAL AIRPORT, FL US",FL
US1NMDA0203,"LAS CRUCES 2.8 SSW, NM US",NM
US1FLSL0017,"TRADITION 5.6 W, FL US",FL
USW00012838,"MELBOURNE INTERNATIONAL AIRPORT, FL US",FL
USW00012835,"FORT MYERS PAGE FIELD AIRPORT, FL US",FL
US1SCUN0001,"UNION 2.3 NNE, SC US",SC
USW00012836,"KEY WEST INTERNATIONAL AIRPORT, FL US",FL
USW00012833,"CROSS CITY AIRPORT, FL US",FL
USW00012834,"DAYTONA BEACH INTERNATIONAL AIRPORT, FL US",FL
US1FLSL0013,"PORT ST. LUCIE 2.4 SSW, FL US",FL
USW00094704,"DANSVILLE MUNICIPAL AIRPORT, NY US",NY
US1FLMR0068,"OCALA 3.2 ENE, FL US",FL
US1ILKD0034,"PLAINFIELD 4.8 SW, IL US",IL
USC00085377,"MARIANNA 7 NE, FL US",FL
USW00012854,"ORLANDO SANFORD AIRPORT, FL US",FL
US1ILHY0027,"COLONA 1.3 WNW, IL US",IL
USW00012850,"KEY WEST NAS, FL US",FL
US1SCLX0105,"GILBERT 6.2 NNW, SC US",SC
USW00012849,"FORT LAUDERDALE INTERNATIONAL AIRPORT, FL US",FL
US1ILCK0405,"PALATINE 2.6 WNW, IL US",IL
USC00116157,"NEWTON, IL US",IL
USW00012844,"WEST PALM BEACH INTERNATIONAL AIRPORT, FL US",FL
US1FLMR0074,"BELLEVIEW 1.6 E, FL US",FL
US1ILCK0407,"MATTESON 0.9 E, IL US",IL
US1ILCK0406,"PALATINE 1.5 NE, IL US",IL
US1ILLK0074,"MUNDELEIN 1.6 WNW, IL US",IL
US1ILLK0081,"LAKE VILLA 2.3 WSW, IL US",IL
US1ILHY0030,"COLONA 0.5 ESE, IL US",IL
US1ILKD0024,"OSWEGO 5.0 SSE, IL US",IL
USW00012861,"OCALA JIM TAYLOR FIELD, FL US",FL
USR0000ASEL,"SELAWIK ALASKA, AK US",AK
US1FLSL0033,"FORT PIERCE 5.1 SSW, FL US",FL
US1ILLK0087,"LAKE ZURICH 1.3 N, IL US",IL
US1FLSL0031,"PORT ST. LUCIE 4.4 NNW, FL US",FL
US1FLMR0089,"OCALA 12.5 W, FL US",FL
US1FLMR0088,"THE VILLAGES 3.7 NNW, FL US",FL
US1AKMS0030,"PALMER 2.6 NW, AK US",AK
USC00304844,"LOCKPORT 2 SE, NY US",NY
USW00012876,"WINTER HAVEN GILBERT AIRPORT, FL US",FL
USW00012873,"ST PETERSBURG CLEARWATER INTERNATIONAL AIRPORT, FL US",FL
USW00012871,"SARASOTA BRADENTON AIRPORT, FL US",FL
USW00012868,"COCOA BEACH CAPE KENNEDY AFS, FL US",FL
US1NMDA0256,"LAS CRUCES 5.9 SSW, NM US",NM
USS0005R01S,"SIERRA BLANCA, NM US",NM
USW00012867,"COCOA BEACH PATRICK AFB, FL US",FL
US1FLMR0056,"OCALA 10.7 WSW, FL US",FL
US1FLMR0057,"OCALA 4.6 N, FL US",FL
US1NYCR0001,"FREETOWN 1.0 NE, NY US",NY
USC00084050,"HOLLYWOOD, FL US",FL
USW00012885,"FORT LAUDERDALE EXECUTIVE AIRPORT, FL US",FL
USW00012882,"MIAMI OPA LOCKA AIRPORT, FL US",FL
USC00119241,"WHITE HALL 1 E, IL US",IL
USW00012883,"LAKELAND LINDER REGIONAL AIRPORT, FL US",FL
US1NMDA0247,"LAS CRUCES 4.4 W, NM US",NM
US1NMDA0243,"LAS CRUCES 9.0 NE, NM US",NM
USC00290245,"ALCALDE, NM US",NM
US1NYCR0003,"WILLET 1.8 E, NY US",NY
US1FLMR0065,"BELLEVIEW 3.3 SSW, FL US",FL
USW00012897,"NAPLES MUNICIPAL AIRPORT, FL US",FL
USW00012895,"FORT PIERCE ST LUCIE CO INTERNATIONAL AIRPORT, FL US",FL
USW00012896,"MARATHON AIRPORT, FL US",FL
USW00012894,"FORT MYERS SW FLORIDA REGIONAL AIRPORT, FL US",FL
US1NMDA0238,"LAS CRUCES 1.0 S, NM US",NM
USW00012888,"MIAMI KENDALL TAMIAMI EXEC AIRPORT, FL US",FL
US1SCBW0006,"BARNWELL 4.6 S, SC US",SC
USC00386775,"PELION 0.8 NW, SC US",SC
USR0000ASAK,"SOLDOTNA AKKKS ALASKA, AK US",AK
USC00325754,"MC LEOD 3 E, ND US",ND
US1NMDA0227,"LAS CRUCES 6.3 NNE, NM US",NM
US1ILRC0007,"DUNDAS 1.4 E, IL US",IL
US1NMLU0002,"DEMING 8.6 SE, NM US",NM
US1ILRC0006,"OLNEY 1.5 NE, IL US",IL
US1NMDA0222,"LAS CRUCES 1.7 WNW, NM US",NM
US1FLWK0010,"CRAWFORDVILLE 1.0 S, FL US",FL
US1SCGV0123,"TRAVELERS REST 11.0 N, SC US",SC
USC00089795,"WOODRUFF DAM, FL US",FL
US1SCGV0125,"SIMPSONVILLE 3.9 NE, SC US",SC
US1SCGV0121,"SIMPSONVILLE 2.8 SW, SC US",SC
US1SCOR0041,"ELLOREE 2.2 WSW, SC US",SC
US1NYWN0018,"MACEDON 2.6 ESE, NY US",NY
US1SCOR0049,"SANTEE 2.0 ENE, SC US",SC
USW00003048,"SOCORRO 20 N, NM US",NM
US1ILLV0021,"CHATSWORTH 1.2 S, IL US",IL
US1ILLG0006,"LINCOLN 0.1 NNE, IL US",IL
US1SCGV0135,"GREER 1.6 SW, SC US",SC
US1SCGV0136,"BEREA 3.4 N, SC US",SC
USC00084095,"HOMESTEAD GEN AVIATION AIRPORT, FL US",FL
US1ILLG0002,"LINCOLN 0.6 NNW, IL US",IL
USC00509148,"THORNE BAY, AK US",AK
US1SCOR0052,"NORTH 5.2 E, SC US",SC
US1NMDA0286,"LAS CRUCES 9.3 NE, NM US",NM
US1NMDA0285,"LAS CRUCES 1.5 ENE, NM US",NM
USC00292865,"ELK, NM US",NM
US1ILHD0001,"STRONGHURST 0.4 SSW, IL US",IL
US1NMDA0282,"LAS CRUCES 1.5 N, NM US",NM
US1ILLG0009,"BEASON 4.0 SW, IL US",IL
USC00113061,"FISHER, IL US",IL
USC00118740,"CHAMPAIGN 3 S, IL US",IL
USC00299496,"VILLANUEVA, NM US",NM
US1SCGV0146,"PARIS MOUNTAIN 0.7 NW, SC US",SC
US1ILLG0015,"CHESTNUT 1.9 W, IL US",IL
USC00295908,"MORIARTY 1 NE, NM US",NM
US1SCGV0147,"GOWENSVILLE 0.4 SSE, SC US",SC
US1NMDA0275,"LAS CRUCES 0.8 NE, NM US",NM
US1ILEF0006,"EFFINGHAM 2.3 WNW, IL US",IL
USC00384940,"LANGLEY 0.2 SSW, SC US",SC
USC00326255,"NAPOLEON, ND US",ND
US1NMDA0270,"LAS CRUCES 4.0 SW, NM US",NM
USS0035K02S,"MOORE CREEK BRIDGE, AK US",AK
USW00003062,"LOS ALAMOS 13 W, NM US",NM
USC00320941,"BOTTINEAU, ND US",ND
US1SCGV0156,"SIMPSONVILLE 2.9 ENE, SC US",SC
US1ILEF0010,"WATSON 0.3 NE, IL US",IL
US1SCGV0152,"WARE PLACE 2.5 ENE, SC US",SC
USR0000NHAM,"HAMPDEN NORTH DAKOTA, ND US",ND
USC00290225,"ALBUQUERQUE FOOTHILLS NE, NM US",NM
US1NMDA0264,"LAS CRUCES 5.7 NE, NM US",NM
US1NYWN0006,"PALMYRA 1.6 NW, NY US",NY
US1FLMN0023,"MARATHON 6.8 ENE, FL US",FL
US1NMDA0265,"CHAPARRAL 0.4 SE, NM US",NM
US1FLMN0025,"KEY LARGO 6.2 NE, FL US",FL
US1ILEF0009,"TEUTOPOLIS 3.4 SE, IL US",IL
USW00003074,"LAS CRUCES 20 N, NM US",NM
US1ILLG0038,"NEW HOLLAND 0.3 ESE, IL US",IL
USW00045715,"SHEMYA AFB, AK US",AK
US1SCGV0166,"FIVE FORKS 0.7 E, SC US",SC
US1NMCL0014,"RATON 1.0 N, NM US",NM
USC00383665,"GRANITEVILLE 3.9 ENE, SC US",SC
USC00295084,"LOS ALAMOS, NM US",NM
US1ILLG0049,"LINCOLN 2.0 ENE, IL US",IL
US1ILEF0032,"EFFINGHAM 4.2 WNW, IL US",IL
US1SCOR0011,"NEESES 7.0 SE, SC US",SC
US1SCGV0175,"PIEDMONT 1.1 NNE, SC US",SC
US1ILSY0006,"RUSHVILLE 4.1 NE, IL US",IL
US1FLSL0050,"PORT ST. LUCIE 1.8 SW, FL US",FL
US1SCBF0096,"SAINT HELENA 7.0 E, SC US",SC
USC00501220,"CAMPBELL CREEK SCIENCE CENTER, AK US",AK
US1SCOR0017,"ORANGEBURG 3.2 NW, SC US",SC
US1SCBF0097,"BEAUFORT 4.5 NE, SC US",SC
US1SCBF0098,"BEAUFORT 7.1 WNW, SC US",SC
US1SCBF0092,"BLUFFTON 0.7 NNW, SC US",SC
US1NMCL0017,"SPRINGER 11.7 W, NM US",NM
US1SCBF0093,"BEAUFORT 4.2 WSW, SC US",SC
US1ILEF0035,"SHUMWAY 2.1 NW, IL US",IL
US1NMCL0018,"SPRINGER 0.9 WSW, NM US",NM
US1ILEF0034,"DIETERICH 10.1 SW, IL US",IL
USC00298127,"SANTA TERESA AIRPORT, NM US",NM
USC00117457,"ROMEOVILLE WEATHER FORECAST OFFICE, IL US",IL
US1SCGV0173,"BEREA 2.1 NNW, SC US",SC
US1FLSL0054,"JENSEN BEACH 4.1 NNE, FL US",FL
US1FLSL0059,"FORT PIERCE 5.8 SSE, FL US",FL
US1FLSL0058,"PORT ST. LUCIE 4.7 N, FL US",FL
USR0000SWIT,"WITHERBEE SOUTH CAROLINA, SC US",SC
US1SCOR0022,"SANTEE 6.9 WSW, SC US",SC
USS0045P03S,"TEUCHET CREEK, AK US",AK
USW00012810,"MACDILL AFB, FL US",FL
US1SCOR0025,"COPE 4.1 NE, SC US",SC
USC00292837,"EL VADO DAM, NM US",NM
USC00323196,"FORTUNA 1 W, ND US",ND
US1ILLG0052,"LINCOLN 0.5 NW, IL US",IL
US1ILLG0050,"HARTSBURG 3.2 E, IL US",IL
USC00505604,"MAIN BAY, AK US",AK
USS0050O01S,"KANTISHNA, AK US",AK
USW00012809,"BARTOW MUNICIPAL AIRPORT, FL US",FL
USC00110803,"BOURBONNAIS 3 NW, IL US",IL
USC00501240,"CANNERY CREEK, AK US",AK
USC00292848,"ELEPHANT BUTTE DAM, NM US",NM
US1SCOR0037,"ORANGEBURG 0.4 NNW, SC US",SC
USW00012818,"BROOKSVILLE HERNANDO CO AIRPORT, FL US",FL
USC00328872,"UNDERWOOD, ND US",ND
USW00012815,"ORLANDO INTERNATIONAL AIRPORT, FL US",FL
USW00012812,"PUNTA GORDA CHARLOTTE CO AIRPORT, FL US",FL
USC00502568,"DRY CREEK, AK US",AK
USW00012819,"LEESBURG MUNICIPAL AIRPORT, FL US",FL
USS0045L01S,"MOUNT EYAK, AK US",AK
US1NMSM0041,"RIBERA 1.7 SW, NM US",NM
US1NMSF0177,"SANTA FE 15.7 SSW, NM US",NM
US1NMSM0040,"ROWE 2.7 NNW, NM US",NM
US1NMSF0178,"SANTA FE 2.9 ENE, NM US",NM
US1NMSM0045,"LAS VEGAS 0.5 S, NM US",NM
US1SCBF0067,"HILTON HEAD ISLAND 4.4 NNE, SC US",SC
US1NMSM0044,"PECOS 0.3 NNW, NM US",NM
US1SCBF0065,"HILTON HEAD ISLAND 5.0 NNE, SC US",SC
US1SCBF0066,"HILTON HEAD ISLAND 4.1 NE, SC US",SC
US1NMBR0066,"SANDIA HEIGHTS 4.0 S, NM US",NM
USC00328065,"SHIELDS, ND US",ND
US1SCCR0049,"NWS CHARLESTON SC, SC US",SC
US1NMSF0189,"MADRID 1.9 SE, NM US",NM
US1NMSF0186,"SANTA FE 2.3 SE, NM US",NM
US1NMSF0187,"SANTA FE 4.1 WNW, NM US",NM
US1SCBF0053,"PARRIS ISLAND 1.7 N, SC US",SC
USC00307134,"RIVERHEAD RESEARCH FARM, NY US",NY
US1NYHM0010,"LAKE PLEASANT 2.3 WSW, NY US",NY
USC00112483,"DU QUOIN 4 SE, IL US",IL
USW00024011,"BISMARCK MUNICIPAL AIRPORT, ND US",ND
US1NMBR0062,"SANDIA HEIGHTS 0.5 S, NM US",NM
US1NMSF0192,"POJOAQUE 2.5 W, NM US",NM
USC00505854,"METLAKATLA POWER, AK US",AK
USW00024013,"MINOT INTERNATIONAL AIRPORT, ND US",ND
USW00024012,"DICKINSON THEODORE ROOSEVELT REGIONAL AIRPORT, ND US",ND
US1SCCR0057,"NORTH CHARLESTON 3.5 ESE, SC US",SC
US1FLBV0095,"MERRITT ISLAND 10.6 NNW, FL US",FL
US1NMSF0155,"SANTA FE 3.6 WNW, NM US",NM
US1NMSF0156,"SANTA FE 2.7 ENE, NM US",NM
USS0050S01S,"COLDFOOT, AK US",AK
US1NMSF0153,"SANTA FE 2.8 SSW, NM US",NM
US1NMSF0154,"SANTA FE 2.7 SE, NM US",NM
US1NYGN0006,"STAFFORD 1.8 NE, NY US",NY
USC00321408,"CASSELTON AGRONOMY FARM, ND US",ND
US1SCCR0060,"CHARLESTON 5.4 SSE, SC US",SC
US1NMSF0150,"ELDORADO AT SANTA FE 0.5 E, NM US",NM
US1NMSF0159,"SANTA FE 1.1 N, NM US",NM
US1NMBR0042,"ALBUQUERQUE 9.0 ENE, NM US",NM
US1NMSF0157,"SANTA FE 0.7 E, NM US",NM
USW00025379,"SITKA 1 NE, AK US",AK
US1SCCR0069,"MOUNT PLEASANT 6.4 NE, SC US",SC
US1NMSF0166,"SANTA FE 3.2 WNW, NM US",NM
US1NMSF0167,"SANTA FE 10.2 S, NM US",NM
US1NMSF0164,"SANTA FE 0.7 ESE, NM US",NM
US1NMSF0162,"SANTA FE 10.4 SSE, NM US",NM
US1SCCR0074,"JOHNS ISLAND 1.8 NE, SC US",SC
USC00505881,"MINCHUMINA, AK US",AK
USC00505884,"MONASHKA CREEK DAM, AK US",AK
US1AKFN0038,"FAIRBANKS 18.4 WNW, AK US",AK
US1AKFN0039,"ANAKTUVUK PASS 63.8 NE, AK US",AK
US1NMBR0036,"ALBUQUERQUE 5.9 WNW, NM US",NM
US1AKFN0035,"FAIRBANKS 18.9 WNW, AK US",AK
US1NMBR0032,"ALBUQUERQUE 2.1 SE, NM US",NM
US1NMBR0034,"ALBUQUERQUE 4.6 E, NM US",NM
US1NYGN0013,"BATAVIA 3.4 WSW, NY US",NY
US1SCBF0080,"BEAUFORT 1.6 SSW, SC US",SC
US1NMBR0040,"ALBUQUERQUE 8.1 ESE, NM US",NM
USC00503212,"GALENA, AK US",AK
US1NMSF0170,"SANTA FE 11.4 SSE, NM US",NM
US1SCCR0078,"NORTH CHARLESTON 3.1 ESE, SC US",SC
USR0000APOO,"POORMAN ALASKA, AK US",AK
USW00025367,"KLAWOCK AIRPORT, AK US",AK
US1FLVL0083,"DE LAND 3.9 SSE, FL US",FL
US1FLVL0084,"LAKE HELEN 0.4 SW, FL US",FL
US1FLFL0053,"PALM COAST 4.6 NW, FL US",FL
US1NYGN0027,"ALEXANDER 4.4 ESE, NY US",NY
US1FLVL0082,"ORMOND BEACH 4.1 ESE, FL US",FL
US1NYGN0028,"ALEXANDER 2.7 WNW, NY US",NY
US1FLVL0087,"PORT ORANGE 0.8 NNW, FL US",FL
US1FLFL0050,"PALM COAST 2.4 SW, FL US",FL
US1FLVL0086,"DE LEON SPRINGS 1.4 ESE, FL US",FL
US1NMBR0020,"ALBUQUERQUE 4.7 W, NM US",NM
USC00308412,"TAYLORVILLE, NY US",NY
US1NYGN0023,"BATAVIA 1.4 E, NY US",NY
USR0000FWIL,"WILMA FLORIDA, FL US",FL
US1SCGW0014,"HODGES 6.5 ENE, SC US",SC
USC00115562,"MENDOTA 1 S, IL US",IL
US1SCGW0019,"GREENWOOD 4.1 WSW, SC US",SC
US1FLFL0049,"PALM COAST 1.9 S, FL US",FL
US1SCCR0089,"CHARLESTON 1.7 SE, SC US",SC
US1FLVL0089,"NEW SMYRNA BEACH 8.5 W, FL US",FL
US1SCCR0087,"CHARLESTON 2.9 NNE, SC US",SC
US1SCGW0016,"GREENWOOD 3.4 NNW, SC US",SC
US1FLFL0047,"PALM COAST 4.5 SSW, FL US",FL
USS0063P02S,"PARGON CREEK, AK US",AK
US1FLFL0043,"PALM COAST 8.3 S, FL US",FL
US1FLVL0099,"ORMOND BEACH 2.0 ENE, FL US",FL
US1SCCR0096,"CHARLESTON 5.2 ESE, SC US",SC
US1NMBR0017,"ALBUQUERQUE 8 NE, NM US",NM
US1FLFL0040,"PALM COAST 0.8 NNW, FL US",FL
US1NMBR0015,"ALBUQUERQUE 5.3 E, NM US",NM
US1FLVL0090,"LAKE HELEN 0.9 S, FL US",FL
US1FLVL0091,"DELAND 4.2 NW, FL US",FL
US1NMBR0012,"ALBUQUERQUE 3.4 SE, NM US",NM
USC00084731,"LAKE CITY 2 E, FL US",FL
US1SCLX0192,"SWANSEA 6.1 SW, SC US",SC
USW00025381,"METLAKATLA 6 S, AK US",AK
US1SCLX0197,"WEST COLUMBIA 1.0 NW, SC US",SC
USW00025382,"YAKUTAT 3 SSE, AK US",AK
US1SCLX0195,"LEXINGTON 7.1 WSW, SC US",SC
USW00025380,"GUSTAVUS 2 NE, AK US",AK
US1SCCR0099,"MOUNT PLEASANT 1.0 WSW, SC US",SC
US1SCGW0008,"HODGES 5.5 NE, SC US",SC
USS0063P01S,"ROCKY POINT, AK US",AK
US1FLFL0039,"FLAGLER BEACH 2.3 SSE, FL US",FL
US1SCCR0097,"CHARLESTON 5.0 WNW, SC US",SC
US1SCCR0098,"WADMALAW ISLAND 2.3 SSW, SC US",SC
US1SCLX0190,"CHAPIN 6.0 SSW, SC US",SC
US1FLFL0036,"PALM COAST 2.4 NE, FL US",FL
US1NMSF0199,"SANTA FE 0.8 SSW, NM US",NM
US1FLFL0030,"PALM COAST 4.2 SSW, FL US",FL
US1FLVL0062,"PORT ORANGE 0.2 NNW, FL US",FL
US1FLFL0032,"PALM COAST 1.9 NNE, FL US",FL
USC00320995,"BOWMAN, ND US",ND
US1FLVL0060,"PORT ORANGE 2.5 NNE, FL US",FL
US1NYHM0009,"HOFFMEISTER 2.0 E, NY US",NY
US1FLFL0033,"FLAGLER BEACH 1.3 SE, FL US",FL
US1NYHM0008,"LONG LAKE 1.2 N, NY US",NY
USC00503275,"GILMORE CREEK, AK US",AK
US1FLVL0063,"ORMOND BY THE SEA 0.1 SSE, FL US",FL
US1NMSM0025,"ILFELD 0.7 NE, NM US",NM
US1NMSF0194,"SANTA FE 11.1 SE, NM US",NM
US1NMBR0008,"ALBUQUERQUE 7.8 ENE, NM US",NM
USC00304025,"HUDSON CORRECTIONAL FACILITY, NY US",NY
US1NMCB0032,"RAMAH 3.1 ENE, NM US",NM
US1SCGW0036,"HODGES 6.4 ENE, SC US",SC
US1SCGW0035,"GREENWOOD 2.7 NNW, SC US",SC
US1FLFL0027,"PALM COAST 3.5 NW, FL US",FL
US1NMSM0026,"LAS VEGAS 8.7 SW, NM US",NM
US1ILAD0016,"QUINCY 4.4 ESE, IL US",IL
US1ILPT0025,"DE LAND 2.7 S, IL US",IL
US1FLFL0024,"PALM COAST 2.1 NNE, FL US",FL
US1ILPT0026,"BEMENT 1.5 SE, IL US",IL
US1ILPT0006,"MONTICELLO 6.5 WSW, IL US",IL
US1FLVL0070,"DE LAND 0.6 SSE, FL US",FL
US1NMSM0010,"LAS VEGAS 12.1 W, NM US",NM
US1ILPT0008,"WHITE HEATH 3.7 NNE, IL US",IL
US1FLVL0071,"DE LEON SPRINGS 3.2 ENE, FL US",FL
US1NMSM0012,"SAPELLO 5.1 WNW, NM US",NM
US1FLVL0077,"NEW SMYRNA BEACH 3.9 W, FL US",FL
USC00504594,"KETCHIKAN 10 N, AK US",AK
US1SCBF0036,"OKATIE 7.6 NE, SC US",SC
US1SCBF0037,"BEAUFORT 5.7 NE, SC US",SC
US1SCGW0026,"GREENWOOD 3.7 WSW, SC US",SC
US1SCGW0023,"GREENWOOD 1.4 N, SC US",SC
US1SCGW0028,"GREENWOOD 4.3 WNW, SC US",SC
US1FLFL0019,"BUNNELL 1.0 ENE, FL US",FL
USC00115539,"MEDORA 1 S, IL US",IL
US1FLVL0040,"EDGEWATER 0.1 SW, FL US",FL
USC00503294,"GLACIER BAY, AK US",AK
USC00385493,"MANNING, SC US",SC
US1FLVL0044,"PORT ORANGE 2.9 WSW, FL US",FL
US1FLVL0042,"DAYTONA BEACH SHORES 1.8 SSE, FL US",FL
US1SCLX0169,"WEST COLUMBIA 5.7 S, SC US",SC
USW00003960,"CAHOKIA ST LOUIS DOWNTOWN AIRPORT, IL US",IL
USC00293265,"FORT BAYARD 4 W, NM US",NM
US1ILLK0016,"BUFFALO GROVE 1.5 N, IL US",IL
US1FLSS0096,"VENICE 2.3 SE, FL US",FL
US1ILLK0013,"LAKE BLUFF 1.3 W, IL US",IL
US1ILLK0011,"LINCOLNSHIRE 0.9 N, IL US",IL
US1FLSS0091,"SARASOTA 2.6 SE, FL US",FL
US1FLVL0051,"DE BARY 1.7 NE, FL US",FL
US1SCLX0157,"GILBERT 8.0 N, SC US",SC
US1SCLX0154,"PELION 0.7 SSW, SC US",SC
US1SCLX0152,"LEESVILLE 10.6 NNE, SC US",SC
US1ILLK0023,"WINTHROP HARBOR 0.2 SSE, IL US",IL
US1ILLK0022,"LAKE FOREST 2.1 NNE, IL US",IL
USW00073805,"NORTHWEST FLORIDA BEACHES INTERNATIONAL AIRPORT, FL US",FL
US1SCBF0002,"HILTON HEAD ISLAND 4.0 N, SC US",SC
USW00026616,"KOTZEBUE AIRPORT, AK US",AK
USC00083470,"GLEN ST MARY 1 W, FL US",FL
USW00026617,"NOME AIRPORT, AK US",AK
US1FLCB0012,"LAKE CITY 7.9 SSW, FL US",FL
US1SCLX0188,"CHAPIN 5.8 SE, SC US",SC
USS0049L09S,"GRANDVIEW, AK US",AK
USW00094789,"JFK INTERNATIONAL AIRPORT, NY US",NY
USW00094790,"WATERTOWN INTERNATIONAL AIRPORT, NY US",NY
US1NYCT0002,"RANDOLPH 1.1 ENE, NY US",NY
US1NDMT0016,"MANDAN 1.7 SSE, ND US",ND
USC00304912,"LOWVILLE, NY US",NY
US1FLCB0025,"LAKE CITY 2.8 ESE, FL US",FL
USC00321477,"CHAFFEE 5 NE, ND US",ND
US1FLCB0026,"FORT WHITE 2.4 E, FL US",FL
USC00119021,"WATSEKA PUBLIC WORKS, IL US",IL
US1FLCB0029,"WHITE SPRINGS 2.3 WSW, FL US",FL
US1FLCB0028,"FORT WHITE 4.4 NE, FL US",FL
US1FLCB0019,"LAKE CITY 8.7 S, FL US",FL
USC00293296,"FORT SUMNER 5 S, NM US",NM
US1ILLK0009,"LAKE VILLA 1.1 SSW, IL US",IL
USC00087826,"ST AUGUSTINE WTP, FL US",FL
US1SCLX0176,"WEST COLUMBIA 1.1 NE, SC US",SC
USW00026615,"BETHEL AIRPORT, AK US",AK
USW00023583,"ALEKNAGIK 1 NNE, AK US",AK
USW00094725,"MASSENA INTERNATIONAL AIRPORT, NY US",NY
USW00094728,"NY CITY CENTRAL PARK, NY US",NY
USW00025309,"JUNEAU AIRPORT, AK US",AK
USC00087851,"SAINT LEO, FL US",FL
US1SCLX0122,"PELION 4.7 W, SC US",SC
US1SCAK0114,"AIKEN 1.9 ESE, SC US",SC
US1SCAK0113,"AIKEN 2.2 NNW, SC US",SC
US1SCLX0126,"GILBERT 7.1 N, SC US",SC
US1FLAL0099,"ARCHER 3.8 N, FL US",FL
US1FLVL0009,"DE LAND 5.7 NW, FL US",FL
US1SCAK0112,"NORTH AUGUSTA 3.6 N, SC US",SC
US1FLAL0095,"GAINESVILLE 0.5 N, FL US",FL
US1FLAL0096,"GAINESVILLE 7.8 WSW, FL US",FL
US1FLAL0097,"GAINESVILLE 3.0 WNW, FL US",FL
US1FLVL0003,"DE LAND 4.5 NW, FL US",FL
US1FLVL0001,"NEW SMYRNA BEACH 1.5 E, FL US",FL
US1ILLK0054,"MUNDELEIN 0.5 NNE, IL US",IL
USW00026644,"ANVIK AIRPORT, AK US",AK
US1FLVL0005,"ORMOND BEACH 3.5 SE, FL US",FL
USW00026642,"KIVALINA AIRPORT, AK US",AK
USC00321456,"CENTER 4 SE, ND US",ND
USR0000APAX,"PAXSON ALASKA, AK US",AK
USC00325813,"MEDORA, ND US",ND
USW00026627,"UNALAKLEET FIELD, AK US",AK
USW00026628,"GOLOVIN AIRPORT, AK US",AK
USC00082150,"DAYTONA BEACH, FL US",FL
US1SCLX0114,"IRMO 1.0 WNW, SC US",SC
US1SCAK0109,"AIKEN 5.6 NNE, SC US",SC
US1SCAK0103,"JACKSON 5.1 NW, SC US",SC
USR0000APAM,"PAMICHTUK LAKE ALASKA, AK US",AK
US1ILLK0069,"HIGHWOOD 0.9 S, IL US",IL
USR0000APAL,"PORT ALSWORTH ALASKA, AK US",AK
USW00026634,"TIN CITY, AK US",AK
USW00026631,"CAPE LISBURNE AFS, AK US",AK
USW00025329,"PETERSBURG 1, AK US",AK
USW00094740,"SARANAC LAKE ADIRONDACK REGIONAL AIRPORT, NY US",NY
USC00300500,"BEAVER FALLS, NY US",NY
US1SCLX0145,"SWANSEA 3.5 SW, SC US",SC
USC00380613,"BELTON 7 NNE, SC US",SC
USC00381944,"COLUMBIA UNIVERSITY OF SC, SC US",SC
USW00094745,"WESTCHESTER CO AIRPORT, NY US",NY
US1FLAL0078,"GAINESVILLE 5.1 S, FL US",FL
USW00025331,"PALMER AIRPORT, AK US",AK
US1ILLK0039,"RIVERWOODS 0.4 ENE, IL US",IL
US1FLAL0075,"GAINESVILLE 0.9 WSW, FL US",FL
USW00025339,"YAKUTAT AIRPORT, AK US",AK
USW00025335,"SKAGWAY AIRPORT, AK US",AK
USC00321435,"CAVALIER 7 NW, ND US",ND
US1FLAL0071,"HAWTHORNE 5.0 WNW, FL US",FL
US1FLAL0072,"GAINESVILLE 0.6 NE, FL US",FL
USR0000AGRN,"GRANITE ALASKA, AK US",AK
US1FLAL0062,"MELROSE 1.7 W, FL US",FL
US1FLAL0063,"GAINESVILLE 3.0 WNW, FL US",FL
USW00025325,"KETCHIKAN AIRPORT, AK US",AK
USW00025323,"HAINES AIRPORT, AK US",AK
US1ILLK0042,"GURNEE 1.6 W, IL US",IL
USW00026655,"RED DOG MINE 3 SSW, AK US",AK
USW00026653,"TOKSOOK BAY AIRPORT, AK US",AK
USW00025322,"GUSTAVUS, AK US",AK
USC00326315,"NEW ENGLAND, ND US",ND
US1FLIR0059,"FELLSMERE 1.4 N, FL US",FL
US1ILJF0014,"MOUNT VERNON 1.3 WSW, IL US",IL
US1FLAL0061,"GAINESVILLE 5.8 WSW, FL US",FL
US1SCLX0200,"CHAPIN 5.8 S, SC US",SC
USC00117391,"ROCK ISLAND LOCK AND DAM 15, IL US",IL
USC00384205,"HOLLY HILL 1 SW, SC US",SC
US1SCLX0203,"LEESVILLE 11.3 NNE, SC US",SC
US1FLIR0054,"VERO BEACH 11.9 NW, FL US",FL
US1ILJF0010,"MOUNT VERNON 5.2 SSW, IL US",IL
US1SCAK0039,"NORTH AUGUSTA 1.5 WSW, SC US",SC
US1FLAL0055,"GAINESVILLE 7.7 W, FL US",FL
US1FLIR0063,"FELLSMERE 4.3 ESE, FL US",FL
US1SCAK0033,"AIKEN 8.3 E, SC US",SC
US1SCAK0032,"AIKEN 1.6 NNW, SC US",SC
USS0007S03S,"MCKNIGHT CABIN, NM US",NM
US1FLSS0014,"NORTH PORT 1.6 ENE, FL US",FL
US1FLAL0058,"GAINESVILLE 5.0 SSW, FL US",FL
US1FLSS0015,"NORTH PORT 4.7 NNE, FL US",FL
US1FLIR0060,"SEBASTIAN 1.2 NNW, FL US",FL
US1FLAL0051,"MICANOPY 2.1 NNE, FL US",FL
US1ILCK0306,"OAK FOREST 0.6 N, IL US",IL
US1FLAL0054,"MICANOPY 2.1 WNW, FL US",FL
USS0046Q07S,"UPPER NOME CREEK, AK US",AK
US1FLIR0048,"VERO BEACH 5.4 NNW, FL US",FL
US1FLIR0047,"VERO BEACH 6.0 S, FL US",FL
US1FLAL0050,"GAINESVILLE 2.4 SW, FL US",FL
US1NYSR0070,"MILTON 5.9 NNW, NY US",NY
USC00087887,"ST PETERSBURG 2, FL US",FL
US1SCAK0027,"WILLISTON 4.3 NNW, SC US",SC
US1FLIR0051,"FELLSMERE 3.8 N, FL US",FL
US1FLIR0050,"VERO BEACH SOUTH 2.4 WNW, FL US",FL
US1SCAK0023,"AIKEN 1.0 SSW, SC US",SC
USR0000AGLA,"GLACIER BAY INNER DOCK, AK US",AK
US1FLAL0048,"GAINESVILLE 5.4 W, FL US",FL
USR0000AGOP,"GOODPASTURE ALASKA, AK US",AK
US1SCAK0059,"NEW ELLENTON 2.7 NE, SC US",SC
USW00094822,"ROCKFORD GREATER ROCKFORD AIRPORT, IL US",IL
US1FLSS0034,"NORTH PORT 2.6 E, FL US",FL
US1SCAK0051,"AIKEN 8.6 SE, SC US",SC
US1FLAL0031,"GAINESVILLE 6.5 NW, FL US",FL
US1FLHS0005,"BONIFAY 1.9 NE, FL US",FL
US1NYLV0001,"DANSVILLE 3.6 WSW, NY US",NY
US1FLIR0027,"VERO BEACH 2.5 S, FL US",FL
US1FLIR0026,"VERO BEACH 3.5 SSW, FL US",FL
US1SCLX0213,"LEXINGTON 3.1 E, SC US",SC
US1NYSC0031,"NISKAYUNA 0.7 NE, NY US",NY
USC00304996,"MALONE, NY US",NY
US1FLIR0024,"VERO BEACH 3.4 W, FL US",FL
US1SCLX0211,"WEST COLUMBIA 1.1 S, SC US",SC
US1NYLV0005,"DANSVILLE 1.0 ENE, NY US",NY
US1SCAK0047,"AIKEN 4.3 SSW, SC US",SC
US1SCLX0214,"IRMO 1.3 S, SC US",SC
US1FLSS0047,"SARASOTA 1.4 E, FL US",FL
US1NYSC0037,"NISKAYUNA 1.2 ESE, NY US",NY
USS0049L01S,"MOUNT ALYESKA, AK US",AK
US1NDPM0001,"CAVALIER 7.9 WNW, ND US",ND
USC00116024,"NEOGA, IL US",IL
US1FLAL0026,"GAINESVILLE 1.7 SE, FL US",FL
US1NYSR0040,"MECHANICVILLE 3.4 WSW, NY US",NY
USC00291445,"CAPROCK, NM US",NM
US1NMVL0056,"BELEN 3.2 S, NM US",NM
US1NYSC0027,"NISKAYUNA 2.9 SSE, NY US",NY
US1NYWC0048,"PEEKSKILL 2.8 NNE, NY US",NY
US1SCAK0073,"SALLEY 4.9 NNE, SC US",SC
US1NMDA0136,"LAS CRUCES 0.6 SW, NM US",NM
US1NMVL0059,"BELEN 3.3 SSE, NM US",NM
US1SCAK0074,"AIKEN 1.1 N, SC US",SC
US1FLSS0052,"SARASOTA 4.0 S, FL US",FL
US1FLSS0053,"NORTH PORT 2.1 NNW, FL US",FL
US1SCAK0071,"NORTH AUGUSTA 3.5 ENE, SC US",SC
US1NMVL0053,"BOSQUE FARMS 0.6 N, NM US",NM
US1FLAL0017,"HIGH SPRINGS 3.2 SW, FL US",FL
US1NMVL0051,"LOS LUNAS 11.7 E, NM US",NM
US1NMVL0052,"LOS LUNAS 3.7 SSE, NM US",NM
US1SCAK0069,"AIKEN 2.2 NW, SC US",SC
US1NMVL0046,"LOS LUNAS 3.6 SE, NM US",NM
US1NYWC0034,"THORNWOOD 0.7 NW, NY US",NY
US1FLAL0002,"ARCHER 5.5 E, FL US",FL
USC00291450,"CAPULIN, NM US",NM
US1NYSC0017,"PATTERSONVILLE 4.2 SSW, NY US",NY
US1NYWC0032,"BRIARCLIFF MANOR 1.3 NE, NY US",NY
US1SCAK0067,"AIKEN 7.6 SSE, SC US",SC
USC00324571,"KEENE 3 S, ND US",ND
US1NYSC0016,"NISKAYUNA 2.0 N, NY US",NY
US1FLSS0067,"ENGLEWOOD 2.6 N, FL US",FL
US1NMDA0125,"LAS CRUCES 4.2 SSE, NM US",NM
US1FLSS0065,"NOKOMIS 3.6 E, FL US",FL
USC00292785,"EL MORRO NATIONAL MON, NM US",NM
US1FLSS0063,"SARASOTA 4.8 ENE, FL US",FL
US1SCAK0060,"WAGENER 1.4 S, SC US",SC
USC00298085,"SANTA FE 2, NM US",NM
US1FLSS0062,"VAMO 2.1 E, FL US",FL
US1FLAL0007,"GAINESVILLE 8.1 SW, FL US",FL
USC00298088,"SANTA FE SETON, NM US",NM
USC00116080,"NEW BOSTON DAM 17, IL US",IL
US1ILBN0019,"BELVIDERE 5.0 NNW, IL US",IL
US1FLBV0005,"PALM BAY 3.1 NNW, FL US",FL
US1FLBV0006,"MELBOURNE 1.1 N, FL US",FL
US1NYSR0065,"MECHANICVILLE 2.4 SW, NY US",NY
US1FLWT0022,"DE FUNIAK SPRINGS 4.1 NNW, FL US",FL
US1FLWT0023,"DE FUNIAK SPRINGS 7.3 NNE, FL US",FL
US1FLWT0025,"INLET BEACH 2.7 WNW, FL US",FL
US1FLWT0028,"SEACREST 0.4 NW, FL US",FL
US1ILBN0014,"CAPRON 0.1 N, IL US",IL
US1NMDA0117,"LAS CRUCES 4.3 SSE, NM US",NM
US1NMDA0116,"MESILLA 2.3 E, NM US",NM
US1NYSC0002,"SCOTIA 1.1 NW, NY US",NY
US1SCAK0096,"AIKEN 7.4 SSE, SC US",SC
US1FLBV0001,"PALM BAY 2.6 SSE, FL US",FL
US1FLSS0075,"NORTH PORT 2.1 NNW, FL US",FL
US1FLBV0002,"PALM SHORES 1.4 W, FL US",FL
USW00026703,"GAMBELL AIRPORT, AK US",AK
US1NYSR0059,"GANSEVOORT 3.7 WNW, NY US",NY
US1ILJF0009,"BELLE RIVE 1.7 NNE, IL US",IL
US1NYSR0057,"TOWN OF PROVIDENCE 2.3 E, NY US",NY
USC00320189,"AMBROSE 3 N, ND US",ND
USS0007S04S,"LOOKOUT MOUNTAIN, NM US",NM
USW00014719,"WESTHAMPTON GABRESKI AIRPORT, NY US",NY
US1SCAK0083,"SPRINGFIELD 4.0 WNW, SC US",SC
USC00110761,"BLOOMINGTON WATERWORKS, IL US",IL
USW00014715,"WHEELER SACK FIELD ARMY AIR FIELD, NY US",NY
US1FLSS0088,"OSPREY 1.1 ESE, FL US",FL
USW00014714,"STEWART FIELD, NY US",NY
US1NMVL0060,"LOS LUNAS 8.8 WSW, NM US",NM
US1NMVL0061,"LOS LUNAS 2.6 ESE, NM US",NM
US1FLSS0084,"NORTH PORT 5.2 NNE, FL US",FL
US1FLSS0082,"ENGLEWOOD 0.2 ENE, FL US",FL
US1FLPT0032,"INTERLACHEN 4.4 WNW, FL US",FL
US1FLPT0033,"EAST PALATKA 1.0 SW, FL US",FL
US1NYDL0032,"DELHI 6.6 WNW, NY US",NY
US1FLWT0003,"MIRAMAR BEACH 9.5 ESE, FL US",FL
US1NYWC0006,"SOUTH SALEM 2.1 NW, NY US",NY
US1NYDL0034,"SCHENEVUS 5.9 SSW, NY US",NY
US1ILCK0390,"ALSIP 0.9 E, IL US",IL
US1FLWT0005,"DE FUNIAK SPRINGS 12.5 NW, FL US",FL
USC00329426,"WILLISTON AIRPORT, ND US",ND
US1NMDA0170,"LAS CRUCES 5.0 SSE, NM US",NM
US1FLJF0010,"MONTICELLO 2.9 WSW, FL US",FL
USC00329430,"WILLISTON EXPERIMENTAL FARM, ND US",ND
USW00054746,"MONTICELLO SULLIVAN, NY US",NY
USC00383742,"GREENVILLE AIRPORT, SC US",SC
US1FLBV0023,"COCOA 2.6 WNW, FL US",FL
USC00502871,"ESTER 5 NE, AK US",AK
US1FLPT0027,"HOLLISTER 0.5 NW, FL US",FL
US1FLPT0026,"INTERLACHEN 3.6 NNE, FL US",FL
US1NMSF0101,"GLORIETA 2.4 E, NM US",NM
US1FLPT0024,"SAN MATEO 2.5 SE, FL US",FL
US1FLPT0021,"CRESCENT CITY 2.0 N, FL US",FL
US1FLJF0009,"MONTICELLO 4.3 ENE, FL US",FL
US1FLBV0014,"PALM BAY 1.0 NE, FL US",FL
USS0045O01S,"FIELDING LAKE, AK US",AK
US1SCWL0004,"KINGSTREE 9.5 NW, SC US",SC
US1SCWL0002,"KINGSTREE 7.9 NW, SC US",SC
US1NMSF0102,"SANTA FE 15.7 SSW, NM US",NM
US1ILCK0384,"CHICAGO 3.6 NNW, IL US",IL
USC00329421,"WILLISTON, ND US",ND
USW00054757,"WELLSVILLE MUNICIPAL AIRPORT, NY US",NY
US1NMCB0027,"GRANTS 1.6 NE, NM US",NM
US1FLBV0013,"ROCKLEDGE 1.1 WSW, FL US",FL
US1FLBV0011,"MELBOURNE BEACH 3.9 SSE, FL US",FL
US1FLPT0012,"FLORAHOME 4.1 NNE, FL US",FL
US1FLBV0047,"ROCKLEDGE 1.8 NNE, FL US",FL
US1NYSR0022,"GREENFIELD CENTER 1.6 W, NY US",NY
US1ILCK0371,"EVANSTON 1.2 S, IL US",IL
USC00088368,"SOUTH BAY 15 S, FL US",FL
USC00304102,"INDIAN LAKE 2 SW, NY US",NY
US1NYWC0022,"SOUTH SALEM 0.8 N, NY US",NY
US1ILCK0367,"MOUNT PROSPECT 0.2 NNE, IL US",IL
USC00500235,"ALPINE, AK US",AK
USS0046Q01S,"MOUNT RYAN, AK US",AK
US1NMVL0037,"PERALTA 0.6 S, NM US",NM
US1NYSR0016,"BALLSTON SPA 2.9 ESE, NY US",NY
US1FLPT0009,"INTERLACHEN 2.8 NNE, FL US",FL
US1NYRN0041,"TROY 2.6 N, NY US",NY
US1FLPT0007,"SATSUMA 4.0 NE, FL US",FL
US1NYSR0015,"MALTA 2.6 NNW, NY US",NY
US1FLPT0008,"EAST PALATKA 3.5 NNW, FL US",FL
US1NMVL0031,"LOS LUNAS 3.3 ESE, NM US",NM
US1NMVL0032,"LOS LUNAS 4.1 SE, NM US",NM
US1NMVL0030,"RIO COMMUNITIES 0.5 N, NM US",NM
US1FLPT0004,"SATSUMA 0.2 WSW, FL US",FL
US1FLBV0038,"TITUSVILLE 3.5 NW, FL US",FL
US1NYDL0025,"HOBART 4.8 ESE, NY US",NY
US1FLBV0036,"MERRIT ISLAND 9.1 N, FL US",FL
US1NYDL0023,"LONG EDDY 6.5 NNE, NY US",NY
USC00087025,"PERRY, FL US",FL
USS0051R01S,"BETTLES FIELD, AK US",AK
US1NYWC0018,"ARMONK 0.3 SE, NY US",NY
USC00326365,"NEW SALEM 5 NW, ND US",ND
US1ILCK0364,"EVERGREEN PARK 0.4 WNW, IL US",IL
USC00383758,"GREENWOOD 8 NE, SC US",SC
USC00306774,"PORT JERVIS, NY US",NY
US1NMVL0026,"BELEN 1.0 NNE, NM US",NM
US1ILCK0359,"CHICAGO 5.5 NNW, IL US",IL
US1NMVL0027,"LOS LUNAS 3.5 E, NM US",NM
US1ILCK0358,"BURR RIDGE 1.0 ENE, IL US",IL
US1NMDA0144,"LAS CRUCES 2.0 WSW, NM US",NM
US1NYSR0004,"SARATOGA SPRINGS 0.5 S, NY US",NY
USR0000AGEO,"GEORGE CREEK ALASKA, AK US",AK
US1NMVL0021,"BOSQUE FARMS 1.0 N, NM US",NM
US1NMSF0131,"MORIARTY 17.0 NNE, NM US",NM
US1NMSF0132,"MADRID 2.3 W, NM US",NM
US1NDTR0003,"GRANDIN 7.1 ENE, ND US",ND
USS0045O04S,"GRANITE CRK, AK US",AK
USW00054790,"SHIRLEY BROOKHAVEN AIRPORT, NY US",NY
USC00118684,"TUSCOLA, IL US",IL
USC00080414,"BAHIA HONDA STATE PARK, FL US",FL
US1FLDV0122,"JACKSONVILLE BEACH 1.7 NW, FL US",FL
US1NMSF0135,"SANTA FE 0.3 NNW, NM US",NM
USW00054787,"FARMINGDALE REPUBLIC AIRPORT, NY US",NY
US1FLDV0126,"JACKSONVILLE 7.1 SW, FL US",FL
US1ILCK0346,"PALATINE 1.2 NW, IL US",IL
US1ILIR0014,"WATSEKA 6.9 WNW, IL US",IL
US1ILCK0345,"FRANKLIN PARK 0.5 SSE, IL US",IL
US1NYUL0039,"HIGHLAND 2.6 NNE, NY US",NY
US1NYUL0038,"HIGHLAND 2.3 NW, NY US",NY
US1NYRN0020,"TROY 2.1 NNE, NY US",NY
USC00306747,"PORTLAND 1 SW, NY US",NY
US1NYUL0037,"SAUGERTIES 4.7 NW, NY US",NY
US1NYRN0023,"WYANTSKILL 2.6 SW, NY US",NY
USC00117345,"ROBINSON, IL US",IL
US1FLBV0067,"PALM BAY 4.9 S, FL US",FL
US1NYUL0034,"WALLKILL 3.7 E, NY US",NY
US1NYUL0032,"ESOPUS 0.8 NNE, NY US",NY
US1SCCR0004,"MOUNT PLEASANT 1.9 ESE, SC US",SC
US1NYUL0031,"HURLEY 2.2 S, NY US",NY
US1NMSF0143,"SANTA FE 1.1 NNW, NM US",NM
US1FLBV0059,"PALM BAY 2.7 SSE, FL US",FL
USC00292700,"EAGLE NEST, NM US",NM
USC00386831,"PICKENS, SC US",SC
USC00301068,"BUSKIRK, NY US",NY
US1ILIR0026,"BUCKLEY 4.0 ENE, IL US",IL
US1FLTY0008,"STEINHATCHEE 2.0 SE, FL US",FL
USC00500247,"AMBER LAKE, AK US",AK
USC00305426,"MOHONK LAKE, NY US",NY
US1NYUL0049,"NEW PALTZ 3.0 WSW, NY US",NY
USC00500243,"ALYESKA, AK US",AK
US1ILIR0027,"MARTINTON 4.0 WNW, IL US",IL
US1ILCK0336,"EVANSTON 0.8 ESE, IL US",IL
US1NYUL0046,"PINE BUSH 3.3 N, NY US",NY
USS0046Q02S,"LITTLE CHENA RIDGE, AK US",AK
US1NYUL0044,"PLATTEKILL 2.0 WNW, NY US",NY
US1FLBV0055,"MELBOURNE 4.1 S, FL US",FL
US1SCCR0010,"MCCLELLANVILLE 0.2 ESE, SC US",SC
US1FLBV0052,"INDIALANTIC 3.3 NNW, FL US",FL
USS0048U01S,"SAGWON, AK US",AK
US1FLBV0050,"MELBOURNE 4.7 N, FL US",FL
US1SCCR0013,"CHARLESTON 4.6 SSE, SC US",SC
US1NYUL0040,"HURLEY 0.1 NNW, NY US",NY
US1NMSF0110,"SANTA FE 3.3 WNW, NM US",NM
US1NMDA0198,"WHITE SANDS 0.6 E, NM US",NM
US1NMDA0195,"LAS CRUCES 5.4 S, NM US",NM
US1NMSF0115,"SANTA FE 1.1 S, NM US",NM
USC00500281,"ANCHORAGE UPPER DEARMOUN, AK US",AK
USW00054773,"FULTON OSWEGO CO AIRPORT, NY US",NY
USC00325002,"LANSFORD, ND US",ND
USR0000FNAV,"NAVAL LIVE OAKS FLORIDA, FL US",FL
US1NMSF0113,"POJOAQUE 5.0 W, NM US",NM
US1ILCK0323,"CHICAGO 6.8 NW, IL US",IL
US1NYUL0019,"WOODSTOCK 0.8 ENE, NY US",NY
USC00084802,"LAKELAND 2, FL US",FL
US1ILCK0322,"ARLINGTON HEIGHTS 0.8 NNW, IL US",IL
US1ILCK0321,"EVANSTON 0.9 S, IL US",IL
US1NYUL0016,"ROSENDALE VILLAGE 1.8 WNW, NY US",NY
US1NYRN0001,"AVERILL PARK 0.9 WNW, NY US",NY
US1ILCK0326,"MORTON GROVE 1.2 WNW, IL US",IL
USC00500275,"ANCHORAGE FORECAST OFFICE, AK US",AK
US1SCCR0026,"MOUNT PLEASANT 4.1 NE, SC US",SC
US1FLBV0085,"COCOA 4.6 NW, FL US",FL
USC00503304,"GLENNALLEN KCAM, AK US",AK
USC00117329,"ROANOKE, IL US",IL
US1NMSF0120,"SANTA FE 0.6 ENE, NM US",NM
US1NMSF0121,"EDGEWOOD 9.9 N, NM US",NM
USW00054780,"MONTAUK AIRPORT, NY US",NY
US1FLDV0133,"ORANGE PARK 5.9 ENE, FL US",FL
US1ILCK0320,"PARK FOREST 0.7 WNW, IL US",IL
US1NMSF0127,"MADRID 0.7 SSW, NM US",NM
US1NMSF0124,"SANTA FE 10.6 SSE, NM US",NM
USC00328990,"VELVA, ND US",ND
US1NYRN0013,"TROY 6.9 NE, NY US",NY
USW00054778,"PENN YAN AIRPORT, NY US",NY
US1NYUL0029,"HIGHLAND 0.2 SW, NY US",NY
US1NYRN0015,"TROY 0.7 E, NY US",NY
US1NYUL0028,"KERHONKSON 3.7 N, NY US",NY
USR0000AGAT,"GATES GLACIER ALASKA, AK US",AK
US1SCCR0033,"MCCLELLANVILLE 0.5 ESE, SC US",SC
US1FLBV0078,"COCOA 5.1 NW, FL US",FL
USC00504621,"KEYSTONE RIDGE, AK US",AK
US1SCCR0034,"NORTH CHARLESTON 2.6 NW, SC US",SC
US1NYUL0023,"WEST HURLEY 0.1 S, NY US",NY
US1SCCR0032,"MEGGETT 1.8 W, SC US",SC
US1FLBV0072,"PALM BAY 3.2 S, FL US",FL
US1NMSF0055,"STANLEY 4.9 SSE, NM US",NM
US1ILSG0045,"CHATHAM 1.5 E, IL US",IL
US1SCCR0161,"MOUNT PLEASANT 1.6 S, SC US",SC
US1NMRV0031,"ELIDA 5.7 W, NM US",NM
US1NMSF0051,"POJOAQUE 1.0 E, NM US",NM
US1NMBR0189,"TIJERAS 3.5 E, NM US",NM
USC00308577,"SYOSSET, NY US",NY
US1NMSF0059,"SANTA FE 11.0 SSE, NM US",NM
USC00080211,"APALACHICOLA AIRPORT, FL US",FL
US1NMBR0193,"TIJERAS 7.2 SSE, NM US",NM
US1ILRH0007,"SPARTA 2.4 NW, IL US",IL
US1NMBR0194,"ALBUQUERQUE 8.7 SE, NM US",NM
USW00094011,"MINOT AFB, ND US",ND
US1SCCR0166,"ISLE OF PALMS 0.1 E, SC US",SC
US1SCCR0164,"CHARLESTON 4.1 NW, SC US",SC
USC00297585,"ROSEBUD 7 NW, NM US",NM
USC00300608,"BENNETTS BRIDGE, NY US",NY
USC00116738,"PERRY 6 NW, IL US",IL
US1NMSF0068,"SANTA FE 16.0 SSW, NM US",NM
US1NMRV0022,"ELIDA 9.1 S, NM US",NM
US1SCCR0173,"CHARLESTON 6.6 NW, SC US",SC
US1NMSF0062,"SANTA FE 6.4 SE, NM US",NM
US1NMRV0026,"CAUSEY 13.4 SW, NM US",NM
USC00322860,"FARGO 3 S, ND US",ND
US1NMRV0028,"PORTALES 2.9 ESE, NM US",NM
USC00308578,"TRENTON FALLS, NY US",NY
USC00081544,"CHIPLEY, FL US",FL
US1NMBR0183,"SANDIA PARK 3.6 ESE, NM US",NM
US1NMED0043,"ARTESIA 3.5 NNE, NM US",NM
US1NMSF0070,"SANTA FE 10.5 S, NM US",NM
USC00505733,"MATANUSKA EXPERIMENTAL FARM, AK US",AK
USC00116725,"PEOTONE, IL US",IL
US1SCCR0178,"CHARLESTON 2.9 W, SC US",SC
US1SCCR0180,"MOUNT PLEASANT 1.8 SW, SC US",SC
US1ILSG0066,"SPRINGFIELD 2.2 SE, IL US",IL
US1ILMC0004,"METROPOLIS 2.9 NNE, IL US",IL
US1SCCR0183,"CHARLESTON 4.0 NW, SC US",SC
US1NYWS0010,"SALEM 2.3 SSE, NY US",NY
US1NMRV0010,"PORTALES 5.1 SSW, NM US",NM
US1NYWS0011,"PAWLET 6.2 SW, NY US",NY
US1NMBR0168,"ALBUQUERQUE 5.0 E, NM US",NM
US1NMBR0164,"ALBUQUERQUE 3.0 WNW, NM US",NM
USC00080236,"ARCHBOLD BIO STATION, FL US",FL
US1NMBR0163,"ALBUQUERQUE 8.0 NNW, NM US",NM
US1NMBR0166,"ALBUQUERQUE 7.8 E, NM US",NM
US1NMBR0165,"ALBUQUERQUE 5.0 WSW, NM US",NM
USC00116710,"PEORIA 5 NW, IL US",IL
USC00112353,"DIXON SPRINGS AGRIC CNTR, IL US",IL
US1NMED0011,"CARLSBAD 2.0 N, NM US",NM
US1SCCR0187,"JOHNS ISLAND 6.4 W, SC US",SC
USC00296275,"OCATE 2 NW, NM US",NM
US1ILMC0003,"BROOKPORT 7.3 ENE, IL US",IL
US1NYOT0011,"HARTWICK, NY US",NY
US1ILSG0076,"SPRINGFIELD 6.3 S, IL US",IL
US1NMSF0044,"AGUA FRIA 2.0 SW, NM US",NM
US1SCCR0194,"CHARLESTON 1.6 SSW, SC US",SC
US1SCCR0192,"MOUNT PLEASANT 7.5 NE, SC US",SC
US1NMBR0156,"EDGEWOOD 6.3 NW, NM US",NM
USW00094038,"HETTINGER MUNICIPAL AIRPORT, ND US",ND
US1NMBR0152,"ALBUQUERQUE 2.9 W, NM US",NM
US1ILSG0072,"SPRINGFIELD 2.0 N, IL US",IL
US1NMBR0155,"TIJERAS 5.1 E, NM US",NM
USW00094041,"GARRISON, ND US",ND
US1NMED0023,"CARLSBAD 2.1 NNW, NM US",NM
US1NDBH0034,"BISMARCK 1.3 WNW, ND US",ND
USC00112348,"DIXON WWTP, IL US",IL
US1NMSF0096,"POJOAQUE 0.7 N, NM US",NM
US1NMBR0149,"ALBUQUERQUE 5.0 NE, NM US",NM
US1NMBR0145,"ALBUQUERQUE 2.5 SE, NM US",NM
US1NYCB0026,"GERMANTOWN 0.6 E, NY US",NY
US1NYCB0025,"MELLENVILLE 0.3 ENE, NY US",NY
US1NMBR0142,"SANDIA PARK 3.7 ESE, NM US",NM
USC00084621,"KISSIMMEE PRAIRIE PRESERVE, FL US",FL
US1ILWL0016,"HOMER GLEN 0.8 ENE, IL US",IL
USC00084625,"KISSIMMEE 2, FL US",FL
USC00304174,"ITHACA CORNELL UNIVERSITY, NY US",NY
US1SCYR0103,"FORT MILL 0.6 WNW, SC US",SC
US1ILHN0002,"WARSAW 5.8 SE, IL US",IL
US1ILHN0001,"DALLAS CITY 3.0 SSE, IL US",IL
US1NMSN0163,"JEMEZ SPRINGS 2.8 SSW, NM US",NM
US1NYOT0031,"MARYLAND 1.8 W, NY US",NY
US1NYOT0030,"MOUNT VISION 1.4 SW, NY US",NY
US1NMBR0139,"ALBUQUERQUE 3.5 NNE, NM US",NM
US1NMBR0138,"ALBUQUERQUE 4.7 E, NM US",NM
US1NMSN0158,"CORRALES 1.5 WSW, NM US",NM
US1NYOT0035,"RICHFIELD SPRINGS 4.6 SSE, NY US",NY
US1NMSN0157,"RIO RANCHO 6.0 NNW, NM US",NM
US1NMMR0013,"CHACON 2.3 ENE, NM US",NM
US1NMBR0131,"SANDIA PARK 0.5 S, NM US",NM
USC00111083,"BUFFALO 3 NNE, IL US",IL
USW00054831,"BLOOMINGTON NORMAL AIRPORT, IL US",IL
US1NYPT0017,"GARRISON 1.5 NE, NY US",NY
USC00116765,"PETERSBURG 1 E, IL US",IL
USC00115430,"MATTOON, IL US",IL
USC00114108,"HILLSBORO, IL US",IL
USC00505778,"MCKINLEY PARK, AK US",AK
US1NMSN0154,"RIO RANCHO 4.4 NW, NM US",NM
US1NMSN0152,"PLACITAS 2.6 W, NM US",NM
US1NYPT0013,"NELSONVILLE 0.3 S, NY US",NY
USC00116769,"PHILO, IL US",IL
US1NMSN0150,"BERNALILLO 2.7 WSW, NM US",NM
US1NMSF0079,"SANTA FE 8.5 S, NM US",NM
US1NDDC0013,"ELLENDALE 7.3 NW, ND US",ND
US1NMSF0076,"SANTA FE 3.6 ENE, NM US",NM
US1NMSF0073,"SANTA FE 1.6 WSW, NM US",NM
US1ILCK0294,"PALATINE 1.4 NNE, IL US",IL
US1NMBR0123,"ALBUQUERQUE 3.7 SSE, NM US",NM
USC00329445,"WILLOW CITY, ND US",ND
US1ILCK0296,"CHICAGO HEIGHTS 2.4 NNW, IL US",IL
USC00085973,"MOUNTAIN LAKE, FL US",FL
US1NMSN0181,"RIO RANCHO 5.9 NE, NM US",NM
USC00116753,"PERU, IL US",IL
US1FLGD0011,"HAVANA 5.5 NE, FL US",FL
US1NMSF0081,"SANTA FE 10.7 S, NM US",NM
USC00507502,"PORTAGE GLACIER VISITOR CENTER, AK US",AK
USW00054808,"CHAMPAIGN 9 SW, IL US",IL
US1NMSN0182,"PLACITAS 1.9 WNW, NM US",NM
US1ILHN0009,"SUTTER 2.2 S, IL US",IL
US1NMSF0088,"SANTA FE 2.4 N, NM US",NM
US1NDDC0007,"MONANGO 3.6 NW, ND US",ND
US1ILHN0007,"LA HARPE 0.7 E, IL US",IL
US1ILWL0025,"CRETE 2.6 E, IL US",IL
US1ILWL0023,"BEECHER 3.4 SSE, IL US",IL
US1ILCK0285,"HARWOOD HEIGHTS 0.4 NNE, IL US",IL
USW00054811,"SHABBONA 5 NNE, IL US",IL
US1ILCK0278,"HOFFMAN ESTATES 1.6 SE, IL US",IL
US1ILRH0016,"ELLIS GROVE 1.5 SW, IL US",IL
US1NMSN0178,"RIO RANCHO 3.5 ENE, NM US",NM
US1NMSN0177,"RIO RANCHO 3.2 E, NM US",NM
US1NMSF0090,"ESPANOLA 3.8 ESE, NM US",NM
US1NDDC0009,"OAKES 1.6 W, ND US",ND
US1NMSN0174,"CUBA 2.1 NNW, NM US",NM
US1NMBR0109,"ALBUQUERQUE 4.0 W, NM US",NM
US1NYFK0007,"SARANAC LAKE 6.2 N, NY US",NY
USW00014735,"ALBANY INTERNATIONAL AIRPORT, NY US",NY
USC00300684,"BINGHAMTON WEATHER FORECAST OFFICE, NY US",NY
USW00014733,"BUFFALO NIAGARA INTERNATIONAL AIRPOR, NY US",NY
USW00014732,"LAGUARDIA AIRPORT, NY US",NY
USC00293142,"FARMINGTON AG SCIENCE CNT, NM US",NM
USW00094892,"CHICAGO WEST CHICAGO DUPAGE AIRPORT, IL US",IL
USC00114957,"LAWRENCEVILLE 2 WSW, IL US",IL
USC00110598,"BENTLEY, IL US",IL
USS0048M04S,"MORAINE, AK US",AK
US1SCMC0010,"MCCORMICK 4.4 W, SC US",SC
USC00503160,"FORT KNOX MINE, AK US",AK
USC00503163,"FORT RICHARDSON WATER TREATMENT PLANT, AK US",AK
USC00324646,"KENMARE 1 WSW, ND US",ND
US1NYTM0023,"FREEVILLE 3.7 W, NY US",NY
US1ILKX0024,"GALESBURG 2.5 N, IL US",IL
US1NYTM0027,"GROTON 3.2 SSW, NY US",NY
US1ILKX0023,"WILLIAMSFIELD 1.7 NNE, IL US",IL
US1FLGD0001,"QUINCY 6.0 SW, FL US",FL
USC00110583,"BELVIDERE WWTP, IL US",IL
US1FLGD0003,"QUINCY 6.0 SW, FL US",FL
USC00507513,"PORT ALCAN, AK US",AK
USW00000103,"WALES AIRPORT, AK US",AK
USW00000102,"BOB BARKER MEMORIAL AIRPORT, AK US",AK
US1FLGD0004,"QUINCY 7.5 SSW, FL US",FL
US1FLGD0007,"HAVANA 5.1 SSW, FL US",FL
US1ILLS0066,"MARSEILLES 3.0 WSW, IL US",IL
USS0006N03S,"CHAMITA, NM US",NM
US1FLPB0061,"DELRAY BEACH 1.6 WSW, FL US",FL
USC00300668,"BIG MOOSE 3 SE, NY US",NY
USW00014757,"POUGHKEEPSIE HUDSON VALLEY REGIONAL AIRPORT, NY US",NY
USC00309000,"WATERTOWN, NY US",NY
US1NYCM0017,"PINE CITY 3.1 SE, NY US",NY
US1FLPB0063,"DELRAY BEACH 1.9 SSE, FL US",FL
US1NYCM0013,"ELMIRA 0.7 WNW, NY US",NY
USW00014750,"GLENS FALLS FLOYD BENNETT MEMORIAL AIRPORT, NY US",NY
US1NYTM0057,"FREEVILLE 4.2 S, NY US",NY
US1NYTM0056,"ITHACA 3.4 SE, NY US",NY
US1ILFD0009,"GIBSON CITY 3.0 WNW, IL US",IL
USW00014748,"ELMIRA CORNING REGIONAL AIRPORT, NY US",NY
USW00014747,"DUNKIRK CHAUTAUQUA CO AIRPORT, NY US",NY
US1NYTM0051,"ITHACA 0.5 N, NY US",NY
USW00000113,"ROBERT BOB CURTIS MEMORIAL AIRPORT, AK US",AK
US1NYSN0011,"ROMULUS 3.8 ESE, NY US",NY
US1NYSN0016,"INTERLAKEN 1.1 E, NY US",NY
USW00000111,"SHAKTOOLIK AIRPORT, AK US",AK
US1NYTM0052,"LANSING 9.1 NW, NY US",NY
US1NYSN0018,"ROMULUS 3.9 NE, NY US",NY
USS0006N04S,"BATEMAN, NM US",NM
US1FLPB0072,"BOYNTON BEACH 6.5 WNW, FL US",FL
USW00014768,"FREDERICK DOUGLASS GREATER ROCHESTER INTERNATIONAL AIRPORT, NY US",NY
US1NYCB0016,"VALATIE 2.9 N, NY US",NY
US1SCYR0100,"YORK 5.3 SSE, SC US",SC
US1NYCB0015,"ANCRAMDALE 0.2 N, NY US",NY
US1SCYR0101,"CLOVER 1.1 NW, SC US",SC
US1NYCB0019,"VALATIE 3.2 NE, NY US",NY
US1NYTM0045,"NEWFIELD HAMLET 4.3 S, NY US",NY
US1NYTM0047,"ITHACA 5.4 SSW, NY US",NY
US1NYCB0024,"VALATIE 0.5 S, NY US",NY
US1NYCB0023,"CHATHAM 0.7 SW, NY US",NY
US1SCMC0005,"MCCORMICK 2.3 W, SC US",SC
US1NYSY0011,"HECTOR 1.8 NE, NY US",NY
US1NYTM0042,"ITHACA 6.4 E, NY US",NY
US1ILKX0009,"KNOXVILLE 0.7 NW, IL US",IL
US1ILLS0045,"STREATOR 1.3 WSW, IL US",IL
USW00014771,"SYRACUSE HANCOCK INTERNATIONAL AIRPORT, NY US",NY
USW00094846,"CHICAGO OHARE INTERNATIONAL AIRPORT, IL US",IL
US1FLPB0080,"BOCA RATON 3.8 WSW, FL US",FL
US1FLPB0081,"PALM BEACH SHORES 1.4 N, FL US",FL
US1ILPM0006,"MCNABB 1.4 NW, IL US",IL
USC00301974,"DANSVILLE, NY US",NY
USC00082046,"CURRY HAMMOCK STATE PARK, FL US",FL
US1NYTM0071,"ITHACA 6.9 WNW, NY US",NY
US1NYCM0021,"ELMIRA 1.2 WNW, NY US",NY
US1ILLS0017,"OTTAWA 1.6 N, IL US",IL
US1FLOB0002,"OKEECHOBEE 27.1 NNW, FL US",FL
US1FLPB0095,"LAKE WORTH 0.5 ESE, FL US",FL
US1FLPB0096,"BELLE GLADE 2.6 N, FL US",FL
US1FLPB0098,"ROYAL PALM BEACH 6.9 WNW, FL US",FL
US1NYTM0060,"ITHACA 3.0 NNW, NY US",NY
US1NYTM0064,"TRUMANSBURG 0.3 SSE, NY US",NY
US1FLOB0008,"OKEECHOBEE 5.2 SSW, FL US",FL
USC00380736,"BISHOPVILLE 1.4 ENE, SC US",SC
US1ILMO0010,"WATERLOO 2.9 ENE, IL US",IL
US1SCAK0014,"AIKEN 7.8 SSE, SC US",SC
USW00094870,"CHAMPAIGN URBANA WILLARD AIRPORT, IL US",IL
US1ILMO0004,"FULTS 3.7 ENE, IL US",IL
US1ILMO0007,"COLUMBIA 4.7 S, IL US",IL
US1NDML0007,"GARRISON 2.1 SSW, ND US",ND
USC00307274,"ROSENDALE 2 E, NY US",NY
USC00086414,"OCALA, FL US",FL
US1SCAK0004,"NORTH AUGUSTA 4.2 NE, SC US",SC
US1FLIR0064,"FLORIDA RIDGE 1.3 SW, FL US",FL
US1NYTM0089,"ITHACA 3.1 SSE, NY US",NY
US1NYTM0081,"TRUMANSBURG 2.4 SSE, NY US",NY
US1NYTM0083,"ITHACA 6.3 E, NY US",NY
US1ILLS0001,"OTTAWA 1.3 NW, IL US",IL
USR0000AHOM,"HOMER ALASKA, AK US",AK
USW00094925,"GRAND FORKS AF, ND US",ND
USR0000AHON,"HOONAH ALASKA, AK US",AK
USC00509314,"TOK NUMBER 2, AK US",AK
USR0000AHOD,"HODZANA ALASKA, AK US",AK
USR0000AHOG,"HOGATZA RIVER ALASKA, AK US",AK
US1NYGR0006,"FREEHOLD 3.4 E, NY US",NY
US1FLBW0116,"PLANTATION 2.3 WNW, FL US",FL
US1NYGR0007,"GREENVILLE 0.7 E, NY US",NY
US1NMSJ0069,"FARMINGTON 4.7 ENE, NM US",NM
US1NMSJ0067,"FARMINGTON 1.3 WNW, NM US",NM
US1NMGR0014,"SILVER CITY 18.0 SW, NM US",NM
US1NMSJ0063,"AZTEC 9.1 NE, NM US",NM
US1NMSJ0062,"FARMINGTON 2.3 NNE, NM US",NM
US1ILSC0026,"MASCOUTAH 1.5 SSE, IL US",IL
US1NMSJ0060,"AZTEC 0.9 E, NM US",NM
US1ILSC0029,"SMITHTON 2.1 W, IL US",IL
USS0050M01S,"ALEXANDER LAKE, AK US",AK
USC00087760,"ROYAL PALM RANGER STATION, FL US",FL
USC00385660,"MCCORMICK, SC US",SC
US1FLBW0121,"POMPANO BEACH 3.1 NE, FL US",FL
US1NYGR0014,"LEXINGTON 1.5 N, NY US",NY
US1NYGR0015,"ATHENS 0.3 WNW, NY US",NY
US1NYGR0017,"ACRA 1.0 SSW, NY US",NY
US1NDDN0014,"MARSHALL 2 W, ND US",ND
US1NYGR0018,"GREENVILLE 0.7 ENE, NY US",NY
US1NYGR0019,"CATSKILL 4.1 NNW, NY US",NY
USC00301152,"CANANDAIGUA 3 S, NY US",NY
US1NMGR0009,"SILVER CITY 13.4 WSW, NM US",NM
US1NMSJ0058,"OJO AMARILLO 8.6 WNW, NM US",NM
US1NMGR0004,"BAYARD 8.9 ENE, NM US",NM
USC00381277,"CALHOUN FALLS, SC US",SC
US1ILMG0014,"JACKSONVILLE 2.6 SE, IL US",IL
US1ILSC0037,"BELLEVILLE 1.9 WNW, IL US",IL
USR0000FOLU,"OLUSTEE FLORIDA, FL US",FL
US1NMSJ0050,"AZTEC 1.0 ESE, NM US",NM
US1ILMG0017,"JACKSONVILLE 4.6 N, IL US",IL
US1SCHR0014,"MURRELLS INLET 4.0 NE, SC US",SC
US1SCHR0019,"LORIS 1.4 ENE, SC US",SC
USS0045R01S,"FORT YUKON, AK US",AK
US1NMGR0001,"SILVER CITY 3.4 SW, NM US",NM
USC00309089,"WEST BLOOMFIELD 1 S, NY US",NY
USC00303773,"HEMLOCK, NY US",NY
US1NMSJ0049,"BLOOMFIELD 1.7 N, NM US",NM
US1NMSJ0048,"AZTEC 5.2 E, NM US",NM
US1NMSJ0046,"BLOOMFIELD 0.8 NE, NM US",NM
USC00291389,"CANJILON R S, NM US",NM
US1NMSJ0042,"FARMINGTON 2.0 SW, NM US",NM
US1NMSJ0041,"FARMINGTON 2.7 SSW, NM US",NM
US1NMSJ0040,"AZTEC 4.1 WSW, NM US",NM
USC00323376,"GARRISON, ND US",ND
USC00294426,"JORNADA EXPERIMENTAL RANGE, NM US",NM
USC00302454,"EAST SIDNEY, NY US",NY
US1NMSJ0038,"AZTEC 9.9 NE, NM US",NM
US1FLPB0116,"JUPITER 2.9 NW, FL US",FL
US1FLPB0117,"GREENACRES CITY 2.9 SW, FL US",FL
US1FLPB0118,"WELLINGTON 1.9 ENE, FL US",FL
USS0049M22S,"ANCHORAGE HILLSIDE, AK US",AK
US1FLBW0103,"MIRAMAR 2.1 W, FL US",FL
US1NMSJ0032,"KIRTLAND 21.7 S, NM US",NM
USC00295754,"MIMBRES 4 NNW, NM US",NM
US1ILSC0016,"FAIRVIEW HEIGHTS 2.0 ENE, IL US",IL
US1ILSC0018,"FAIRMONT CITY 0.9 ENE, IL US",IL
US1NMGR0066,"SILVER CITY 0.8 S, NM US",NM
US1NMGR0065,"SILVER CITY 0.5 N, NM US",NM
US1NMGR0068,"SILVER CITY 2.2 NNE, NM US",NM
US1FLBW0155,"COOPER CITY 1.3 NE, FL US",FL
US1NMGR0062,"GILA HOT SPRINGS 0.2 SE, NM US",NM
US1FLPB0122,"NORTH PALM BEACH 0.7 W, FL US",FL
USC00508020,"ROBERTSON RIVER, AK US",AK
US1FLPB0124,"NORTH PALM BEACH 0.3 SW, FL US",FL
USR0000NWAT,"WATFORD CITY NORTH DAKOTA, ND US",ND
US1FLPB0127,"BOCA RATON 5.5 WNW, FL US",FL
US1FLPB0129,"BOCA RATON 3.2 SSE, FL US",FL
US1NMGR0058,"SILVER CITY 5.3 NE, NM US",NM
US1FLBW0159,"FORT LAUDERDALE 3.7 NNE, FL US",FL
US1NYRC0001,"STATEN ISLAND 4.5 SSE, NY US",NY
US1NYRC0002,"STATEN ISLAND 1.4 SE, NY US",NY
USC00309072,"WELLSVILLE, NY US",NY
US1NMGR0055,"GILA 0.1 NNE, NM US",NM
USC00119002,"WATERLOO 6 SW, IL US",IL
USC00301102,"CALLICOON CENTER, NY US",NY
US1FLBW0160,"SUNRISE 1.3 NW, FL US",FL
US1FLBW0161,"PEMBROKE PINES 0.7 N, FL US",FL
US1FLBW0162,"MARGATE 0.8 NNW, FL US",FL
USW00014819,"CHICAGO MIDWAY AIRPORT, IL US",IL
US1FLBW0167,"DEERFIELD BEACH 1.7 E, FL US",FL
US1FLBW0168,"PEMBROKE PINES 1.6 NE, FL US",FL
US1NMGR0047,"SILVER CITY 1.4 WSW, NM US",NM
USC00327704,"RUGBY, ND US",ND
US1NYGR0020,"ELKA PARK 3.8 ESE, NY US",NY
USW00014834,"JOLIET, IL US",IL
US1FLBW0131,"MIRAMAR 2.3 W, FL US",FL
USS0049M26S,"INDEPENDENCE MINE, AK US",AK
USC00309047,"WAVERLY, NY US",NY
USC00388706,"TRAVELERS REST 2 NE, SC US",SC
USC00309049,"WEBSTER 2 NE, NY US",NY
US1NMGR0037,"BAYARD 2.8 N, NM US",NM
US1NYTM0018,"EAST ITHACA 4.7 E, NY US",NY
US1FLBW0137,"POMPANO BEACH 1.2 NNE, FL US",FL
USR0000AHLM,"HELM ALASKA, AK US",AK
US1NMGR0034,"SILVER CITY 4.6 W, NM US",NM
US1SCCF0005,"PAGELAND 9.0 WNW, SC US",SC
USW00014842,"GENERAL WAYNE A. DOWNING INTERNATIONAL AIRPORT, IL US",IL
USC00325993,"MINOT EXPERIMENTAL STATION, ND US",ND
US1NYTM0004,"GROTON 0.5 NW, NY US",NY
US1NYTM0003,"ITHACA 1.1 SE, NY US",NY
US1FLAL0102,"NEWBERRY 3.0 NNE, FL US",FL
US1NYTM0005,"FREEVILLE 1.5 NE, NY US",NY
US1NMGR0028,"SILVER CITY 2.6 NNW, NM US",NM
US1NMGR0027,"CLIFF 5.7 NE, NM US",NM
US1FLBW0148,"CORAL SPRINGS 0.4 S, FL US",FL
US1NMSJ0070,"AZTEC 0.0 ESE, NM US",NM
US1ILFL0017,"CANTON 1.2 ESE, IL US",IL
US1NMSN0126,"RIO RANCHO 1.4 E, NM US",NM
US1ILWL0051,"PLAINFIELD 2.4 SSE, IL US",IL
USC00115493,"MCHENRY STRATTON LOCK DAM, IL US",IL
US1NMDA0050,"LAS CRUCES 4.0 NNE, NM US",NM
USC00308600,"TROY LOCK AND DAM, NY US",NY
USC00386906,"PONTIAC 2.1 NNW, SC US",SC
US1SCHR0071,"CONWAY 9.2 NNE, SC US",SC
US1SCHR0075,"MYRTLE BEACH 7.4 NNW, SC US",SC
US1SCHR0073,"MYRTLE BEACH 5.2 SW, SC US",SC
US1NMGR0091,"SILVER CITY 0.3 WNW, NM US",NM
US1ILFL0007,"BRYANT 0.1 ENE, IL US",IL
US1NMSN0116,"CORRALES 1.4 NNE, NM US",NM
US1NMSN0115,"BERNALILLO 0.9 SSE, NM US",NM
US1NMSN0113,"BERNALILLO 0.9 WSW, NM US",NM
USC00085184,"LOXAHATCHEE NWR, FL US",FL
US1NMGR0099,"SILVER CITY 13.0 WSW, NM US",NM
US1NMDA0044,"LAS CRUCES 5.5 NE, NM US",NM
US1ILWL0042,"MOKENA 1.3 W, IL US",IL
US1ILWL0046,"PEOTONE 0.4 ENE, IL US",IL
US1NMDA0046,"LAS CRUCES 6.3 W, NM US",NM
US1ILCN0007,"TAYLORVILLE 0.6 ENE, IL US",IL
US1NMDA0045,"LAS CRUCES 1.5 NNW, NM US",NM
US1NMSN0110,"CORRALES 1.4 SSW, NM US",NM
US1ILCN0003,"PANA 6.2 NNE, IL US",IL
US1ILCN0004,"EDINBURG 3.0 W, IL US",IL
US1SCHR0087,"MURRELLS INLET 2.4 NW, SC US",SC
US1NMGR0082,"SEPAR 5.7 SE, NM US",NM
US1ILWL0073,"WILMINGTON 2.6 SE, IL US",IL
US1NMGR0089,"SILVER CITY 13.1 W, NM US",NM
US1FLBW0170,"HOLLYWOOD 2.2 SE, FL US",FL
US1NMGR0084,"SILVER CITY 2.6 SE, NM US",NM
US1FLMD0123,"MIAMI 2.1 SW, FL US",FL
US1ILCK0253,"MIDLOTHIAN 0.1 SSE, IL US",IL
US1FLBW0172,"WILTON MANORS 0.3 NNW, FL US",FL
US1NMGR0085,"BAYARD 5.3 N, NM US",NM
US1SCCR0105,"HOLLYWOOD 2.3 W, SC US",SC
USC00082944,"FERNANDINA BEACH, FL US",FL
US1NMSN0144,"BERNALILLO 1.2 WSW, NM US",NM
US1NMSN0143,"RIO RANCHO 3.7 SW, NM US",NM
US1NMSN0142,"CORRALES 1.1 W, NM US",NM
US1ILCN0015,"PANA 0.9 NW, IL US",IL
US1ILCN0013,"MORRISONVILLE 0.5 SSE, IL US",IL
US1ILWH0004,"CROSSVILLE 3.0 E, IL US",IL
US1NMGR0071,"SILVER CITY 3.4 S, NM US",NM
US1NMSN0136,"RIO RANCHO 5.4 NNE, NM US",NM
US1NYMR0090,"PENFIELD 1.8 ENE, NY US",NY
US1NMSN0135,"RIO RANCHO 0.8 S, NM US",NM
US1FLMD0119,"NORTH MIAMI BEACH 1.7 NNE, FL US",FL
US1NMGR0076,"CLIFF 1.8 WSW, NM US",NM
US1ILWL0063,"NEW LENOX 1.8 SE, IL US",IL
US1FLMD0115,"CUTLER BAY 0.4 NNE, FL US",FL
USC00089566,"WEWAHITCHKA, FL US",FL
US1ILWL0067,"CHANNAHON 2.5 SSE, IL US",IL
US1FLMD0111,"MIAMI 3.1 SSW, FL US",FL
US1NMGR0069,"SANTA CLARA 0.2 SE, NM US",NM
US1NYMR0089,"ROCHESTER 5.7 W, NY US",NY
US1SCCR0114,"CHARLESTON 5.9 ESE, SC US",SC
US1SCCR0112,"MOUNT PLEASANT 7.0 NE, SC US",SC
US1SCCR0113,"MOUNT PLEASANT 4.6 NNE, SC US",SC
USC00119816,"YATES CITY, IL US",IL
US1NMSF0013,"SANTA FE 1.3 WSW, NM US",NM
US1SCHR0039,"SURFSIDE BEACH 1.0 NE, SC US",SC
US1SCYR0071,"FORT MILL 4.6 NNE, SC US",SC
US1SCYR0072,"ROCK HILL 3.2 SSW, SC US",SC
US1ILWL0092,"NAPERVILLE 4.0 SSW, IL US",IL
US1ILSG0004,"RIVERTON 1.9 W, IL US",IL
USC00304207,"JAMESTOWN 4 ENE, NY US",NY
US1SCYR0078,"FORT MILL 3.0 NW, SC US",SC
US1ILWL0099,"MANHATTAN 1.9 SE, IL US",IL
US1ILWL0096,"WILMINGTON 6.3 NW, IL US",IL
US1ILWL0097,"NEW LENOX 3.3 E, IL US",IL
US1SCYR0073,"FORT MILL 2.9 NE, SC US",SC
US1ILCK0232,"ROGERS PARK 0.6 ESE, IL US",IL
US1NMDA0094,"LAS CRUCES 4.3 SSW, NM US",NM
US1NMSF0014,"SANTA FE 9.6 S, NM US",NM
USC00114198,"HOOPESTON, IL US",IL
USR0000FOAS,"OASIS FLORIDA, FL US",FL
US1FLCR0053,"NAPLES 16.6 ENE, FL US",FL
USC00306867,"PULASKI, NY US",NY
US1NYCQ0042,"DEWITTVILLE 1.0 SSE, NY US",NY
US1NYCQ0041,"MAYVILLE 0.2 ESE, NY US",NY
US1FLCR0052,"NAPLES 18.6 ENE, FL US",FL
US1SCCR0123,"CHARLESTON 3.0 N, SC US",SC
US1FLCR0059,"NAPLES 11.8 ENE, FL US",FL
US1ILSG0011,"CHATHAM 1.4 ESE, IL US",IL
US1SCBK0115,"SUMMERVILLE 8.9 NNE, SC US",SC
US1ILWL0084,"BEECHER 3.4 ENE, IL US",IL
US1NMSF0020,"SANTA FE 1.2 ENE, NM US",NM
US1SCYR0088,"CLOVER 2.8 ESE, SC US",SC
USR0000AHAY,"HAYCOCK ALASKA, AK US",AK
USR0000APRE,"PREACHER CREEK ALASKA, AK US",AK
US1NMDA0081,"LAS CRUCES 6.1 SSE, NM US",NM
US1ILCK0214,"ROGERS PARK 1.5 SW, IL US",IL
US1SCCR0138,"CHARLESTON 0.3 ESE, SC US",SC
US1FLSS0102,"VENICE 4.2 ESE, FL US",FL
US1ILCK0211,"OAK LAWN 1.6 WNW, IL US",IL
US1FLSS0100,"VENICE 4.9 SSE, FL US",FL
US1NMED0002,"CARLSBAD 3.4 N, NM US",NM
US1NYCQ0051,"SILVER CREEK 0.7 E, NY US",NY
US1ILSG0017,"SPRINGFIELD 4.4 W, IL US",IL
USR0000AHAI,"HAIDA ALASKA, AK US",AK
US1SCCR0131,"MOUNT PLEASANT 1.7 NNW, SC US",SC
US1ILLW0003,"LAWRENCEVILLE 1.4 W, IL US",IL
US1SCHR0046,"MYRTLE BEACH 5.0 WNW, SC US",SC
US1SCBK0110,"SUMMERVILLE 9.3 NNE, SC US",SC
US1SCBK0111,"SUMMERVILLE 5.8 NNE, SC US",SC
US1NMSN0109,"BERNALILLO 1.8 NE, NM US",NM
US1SCYR0091,"NEWPORT 2.9 NW, SC US",SC
US1NMSN0108,"RIO RANCHO 2.9 E, NM US",NM
US1SCBK0109,"MONCKS CORNER 6.6 SW, SC US",SC
US1SCBK0108,"BONNEAU 2.8 WNW, SC US",SC
US1FLCR0071,"NAPLES MANOR 2.3 ENE, FL US",FL
US1SCCR0149,"SUMMERVILLE 2.6 E, SC US",SC
US1NYCQ0022,"FREDONIA 0.8 WNW, NY US",NY
USC00305512,"MORRISVILLE 6 SW, NY US",NY
US1FLCR0075,"EAST NAPLES 2.0 ENE, FL US",FL
US1FLCR0077,"NAPLES 2.9 SSE, FL US",FL
US1SCCR0142,"NORTH CHARLESTON 4.0 SSE, SC US",SC
US1SCCR0148,"MOUNT PLEASANT 0.4 E, SC US",SC
USR0000FOCH,"OCHOPEE FLORIDA, FL US",FL
US1SCCR0146,"MOUNT PLEASANT 8.2 NE, SC US",SC
US1NMSF0001,"SANTA FE 7.7 WNW, NM US",NM
USR0000APTM,"PT. MAC ALASKA, AK US",AK
USC00081641,"CLERMONT 9 S, FL US",FL
US1NYCQ0035,"FALCONER 0.3 WSW, NY US",NY
USW00094084,"NORTHGATE 5 ESE, ND US",ND
US1FLBK0007,"MACCLENNY 4.9 SSW, FL US",FL
USC00381256,"CAESARS HEAD, SC US",SC
US1FLBK0006,"GLEN ST. MARY 1.7 N, FL US",FL
US1FLCR0062,"GOLDEN GATE 2.2 SW, FL US",FL
US1SCHR0063,"MURRELLS INLET 1.7 N, SC US",SC
US1SCCR0155,"EDISTO BEACH 5.4 NNW, SC US",SC
US1SCHR0064,"MYRTLE BEACH 2.4 ENE, SC US",SC
US1SCHR0061,"CONWAY 6.2 E, SC US",SC
US1FLCR0067,"AVE MARIA 2.3 SSW, FL US",FL
US1SCCR0153,"EDISTO BEACH 2.7 N, SC US",SC
US1FLBK0005,"GLEN ST. MARY 4.4 SW, FL US",FL
US1SCHR0067,"MYRTLE BEACH 8.4 WNW, SC US",SC
US1SCCR0159,"MOUNT PLEASANT 2.6 SW, SC US",SC
USW00094080,"MEDORA 7 E, ND US",ND
US1FLBK0003,"SANDERSON 4.9 NNW, FL US",FL
US1SCHR0065,"LONGS 1.3 NW, SC US",SC
US1SCHR0066,"MYRTLE BEACH 9.2 WSW, SC US",SC
